configuration,answererType,alpha_q,alpha_a,beta,likelihood
3_1_0.5,pragmatic,3,1,0.5,-149.0044001470127
3_1_0.5,explicit,3,1,0.5,-183.94245460573657
3_1_0.1,pragmatic,3,1,0.1,-147.49137425560565
3_1_0.1,explicit,3,1,0.1,-179.8136103579562
3_1_1.5,pragmatic,3,1,1.5,-164.1521290447423
3_1_1.5,explicit,3,1,1.5,-208.436247237278
3_1_2.0,pragmatic,3,1,2.0,-179.81845743996297
3_1_2.0,explicit,3,1,2.0,-229.68135102475446
3_1_2.5,pragmatic,3,1,2.5,-201.63503470586988
3_1_2.5,explicit,3,1,2.5,-256.8891072534063
3_2_0.5,pragmatic,3,2,0.5,-126.99284175213927
3_2_0.5,explicit,3,2,0.5,-183.94245460573657
3_2_0.1,pragmatic,3,2,0.1,-127.68821084690968
3_2_0.1,explicit,3,2,0.1,-179.8136103579562
3_2_1.5,pragmatic,3,2,1.5,-133.26120330010272
3_2_1.5,explicit,3,2,1.5,-208.436247237278
3_2_2.0,pragmatic,3,2,2.0,-142.72552308294811
3_2_2.0,explicit,3,2,2.0,-229.68135102475446
3_2_2.5,pragmatic,3,2,2.5,-157.7226220920413
3_2_2.5,explicit,3,2,2.5,-256.8891072534063
3_3_0.5,pragmatic,3,3,0.5,-116.79947099718544
3_3_0.5,explicit,3,3,0.5,-183.94245460573657
3_3_0.1,pragmatic,3,3,0.1,-119.02349530761599
3_3_0.1,explicit,3,3,0.1,-179.8136103579562
3_3_1.5,pragmatic,3,3,1.5,-116.32622285690204
3_3_1.5,explicit,3,3,1.5,-208.436247237278
3_3_2.0,pragmatic,3,3,2.0,-120.40472821209192
3_3_2.0,explicit,3,3,2.0,-229.68135102475446
3_3_2.5,pragmatic,3,3,2.5,-128.6672135085183
3_3_2.5,explicit,3,3,2.5,-256.8891072534063
3_4_0.5,pragmatic,3,4,0.5,-115.2951416691067
3_4_0.5,explicit,3,4,0.5,-183.94245460573657
3_4_0.1,pragmatic,3,4,0.1,-118.42782186975997
3_4_0.1,explicit,3,4,0.1,-179.8136103579562
3_4_1.5,pragmatic,3,4,1.5,-110.59860439985445
3_4_1.5,explicit,3,4,1.5,-208.436247237278
3_4_2.0,pragmatic,3,4,2.0,-110.99828864790373
3_4_2.0,explicit,3,4,2.0,-229.68135102475446
3_4_2.5,pragmatic,3,4,2.5,-114.19026745731442
3_4_2.5,explicit,3,4,2.5,-256.8891072534063
3_5_0.5,pragmatic,3,5,0.5,-119.32099697932796
3_5_0.5,explicit,3,5,0.5,-183.94245460573657
3_5_0.1,pragmatic,3,5,0.1,-122.96552142259446
3_5_0.1,explicit,3,5,0.1,-179.8136103579562
3_5_1.5,pragmatic,3,5,1.5,-112.21712397017721
3_5_1.5,explicit,3,5,1.5,-208.436247237278
3_5_2.0,pragmatic,3,5,2.0,-110.44946316608059
3_5_2.0,explicit,3,5,2.0,-229.68135102475446
3_5_2.5,pragmatic,3,5,2.5,-110.5007582685353
3_5_2.5,explicit,3,5,2.5,-256.8891072534063
3_6_0.5,pragmatic,3,6,0.5,-126.69179817767802
3_6_0.5,explicit,3,6,0.5,-183.94245460573657
3_6_0.1,pragmatic,3,6,0.1,-130.63611582680562
3_6_0.1,explicit,3,6,0.1,-179.8136103579562
3_6_1.5,pragmatic,3,6,1.5,-118.20777445634411
3_6_1.5,explicit,3,6,1.5,-208.436247237278
3_6_2.0,pragmatic,3,6,2.0,-115.21163547495499
3_6_2.0,explicit,3,6,2.0,-229.68135102475446
3_6_2.5,pragmatic,3,6,2.5,-113.4670737944459
3_6_2.5,explicit,3,6,2.5,-256.8891072534063
3_7_0.5,pragmatic,3,7,0.5,-136.10479253584953
3_7_0.5,explicit,3,7,0.5,-183.94245460573657
3_7_0.1,pragmatic,3,7,0.1,-140.24347058352532
3_7_0.1,explicit,3,7,0.1,-179.8136103579562
3_7_1.5,pragmatic,3,7,1.5,-126.7655391350993
3_7_1.5,explicit,3,7,1.5,-208.436247237278
3_7_2.0,pragmatic,3,7,2.0,-123.04303837330522
3_7_2.0,explicit,3,7,2.0,-229.68135102475446
3_7_2.5,pragmatic,3,7,2.5,-120.2626366789417
3_7_2.5,explicit,3,7,2.5,-256.8891072534063
4_1_0.5,pragmatic,4,1,0.5,-146.5705153174274
4_1_0.5,explicit,4,1,0.5,-183.94245460573657
4_1_0.1,pragmatic,4,1,0.1,-145.06133774283174
4_1_0.1,explicit,4,1,0.1,-179.8136103579562
4_1_1.5,pragmatic,4,1,1.5,-161.69392543009158
4_1_1.5,explicit,4,1,1.5,-208.436247237278
4_1_2.0,pragmatic,4,1,2.0,-177.33759172783812
4_1_2.0,explicit,4,1,2.0,-229.68135102475446
4_1_2.5,pragmatic,4,1,2.5,-199.12622527799167
4_1_2.5,explicit,4,1,2.5,-256.8891072534063
4_2_0.5,pragmatic,4,2,0.5,-123.3020112520143
4_2_0.5,explicit,4,2,0.5,-183.94245460573657
4_2_0.1,pragmatic,4,2,0.1,-124.02647044178299
4_2_0.1,explicit,4,2,0.1,-179.8136103579562
4_2_1.5,pragmatic,4,2,1.5,-129.40690509156028
4_2_1.5,explicit,4,2,1.5,-208.436247237278
4_2_2.0,pragmatic,4,2,2.0,-138.7196088638527
4_2_2.0,explicit,4,2,2.0,-229.68135102475446
4_2_2.5,pragmatic,4,2,2.5,-153.5200981484616
4_2_2.5,explicit,4,2,2.5,-256.8891072534063
4_3_0.5,pragmatic,4,3,0.5,-112.78814316314858
4_3_0.5,explicit,4,3,0.5,-183.94245460573657
4_3_0.1,pragmatic,4,3,0.1,-115.03262832640675
4_3_0.1,explicit,4,3,0.1,-179.8136103579562
4_3_1.5,pragmatic,4,3,1.5,-112.12897237457685
4_3_1.5,explicit,4,3,1.5,-208.436247237278
4_3_2.0,pragmatic,4,3,2.0,-115.98027904008023
4_3_2.0,explicit,4,3,2.0,-229.68135102475446
4_3_2.5,pragmatic,4,3,2.5,-123.89431625836154
4_3_2.5,explicit,4,3,2.5,-256.8891072534063
4_4_0.5,pragmatic,4,4,0.5,-111.30177480666767
4_4_0.5,explicit,4,4,0.5,-183.94245460573657
4_4_0.1,pragmatic,4,4,0.1,-114.41343197356895
4_4_0.1,explicit,4,4,0.1,-179.8136103579562
4_4_1.5,pragmatic,4,4,1.5,-106.55635323767514
4_4_1.5,explicit,4,4,1.5,-208.436247237278
4_4_2.0,pragmatic,4,4,2.0,-106.79014633076206
4_4_2.0,explicit,4,4,2.0,-229.68135102475446
4_4_2.5,pragmatic,4,4,2.5,-109.65236648093301
4_4_2.5,explicit,4,4,2.5,-256.8891072534063
4_5_0.5,pragmatic,4,5,0.5,-115.27314889243462
4_5_0.5,explicit,4,5,0.5,-183.94245460573657
4_5_0.1,pragmatic,4,5,0.1,-118.84744568088897
4_5_0.1,explicit,4,5,0.1,-179.8136103579562
4_5_1.5,pragmatic,4,5,1.5,-108.31387237154004
4_5_1.5,explicit,4,5,1.5,-208.436247237278
4_5_2.0,pragmatic,4,5,2.0,-106.51281044411292
4_5_2.0,explicit,4,5,2.0,-229.68135102475446
4_5_2.5,pragmatic,4,5,2.5,-106.37556045963342
4_5_2.5,explicit,4,5,2.5,-256.8891072534063
4_6_0.5,pragmatic,4,6,0.5,-122.37928335371247
4_6_0.5,explicit,4,6,0.5,-183.94245460573657
4_6_0.1,pragmatic,4,6,0.1,-126.20969790372176
4_6_0.1,explicit,4,6,0.1,-179.8136103579562
4_6_1.5,pragmatic,4,6,1.5,-114.2203963080755
4_6_1.5,explicit,4,6,1.5,-208.436247237278
4_6_2.0,pragmatic,4,6,2.0,-111.32700933596111
4_6_2.0,explicit,4,6,2.0,-229.68135102475446
4_6_2.5,pragmatic,4,6,2.5,-109.56107657041495
4_6_2.5,explicit,4,6,2.5,-256.8891072534063
4_7_0.5,pragmatic,4,7,0.5,-131.31649636391748
4_7_0.5,explicit,4,7,0.5,-183.94245460573657
4_7_0.1,pragmatic,4,7,0.1,-135.3056648571954
4_7_0.1,explicit,4,7,0.1,-179.8136103579562
4_7_1.5,pragmatic,4,7,1.5,-122.45156309759805
4_7_1.5,explicit,4,7,1.5,-208.436247237278
4_7_2.0,pragmatic,4,7,2.0,-118.94700807236404
4_7_2.0,explicit,4,7,2.0,-229.68135102475446
4_7_2.5,pragmatic,4,7,2.5,-116.29222045344991
4_7_2.5,explicit,4,7,2.5,-256.8891072534063
5_1_0.5,pragmatic,5,1,0.5,-144.70384984719811
5_1_0.5,explicit,5,1,0.5,-183.94245460573657
5_1_0.1,pragmatic,5,1,0.1,-143.19747465704634
5_1_0.1,explicit,5,1,0.1,-179.8136103579562
5_1_1.5,pragmatic,5,1,1.5,-159.80811816142423
5_1_1.5,explicit,5,1,1.5,-208.436247237278
5_1_2.0,pragmatic,5,1,2.0,-175.43365760566732
5_1_2.0,explicit,5,1,2.0,-229.68135102475446
5_1_2.5,pragmatic,5,1,2.5,-197.2000263083678
5_1_2.5,explicit,5,1,2.5,-256.8891072534063
5_2_0.5,pragmatic,5,2,0.5,-120.79763013720883
5_2_0.5,explicit,5,2,0.5,-183.94245460573657
5_2_0.1,pragmatic,5,2,0.1,-121.55118985404201
5_2_0.1,explicit,5,2,0.1,-179.8136103579562
5_2_1.5,pragmatic,5,2,1.5,-126.74179696982326
5_2_1.5,explicit,5,2,1.5,-208.436247237278
5_2_2.0,pragmatic,5,2,2.0,-135.90730729389242
5_2_2.0,explicit,5,2,2.0,-229.68135102475446
5_2_2.5,pragmatic,5,2,2.5,-150.51753810779584
5_2_2.5,explicit,5,2,2.5,-256.8891072534063
5_3_0.5,pragmatic,5,3,0.5,-110.55857002657557
5_3_0.5,explicit,5,3,0.5,-183.94245460573657
5_3_0.1,pragmatic,5,3,0.1,-112.82296349930023
5_3_0.1,explicit,5,3,0.1,-179.8136103579562
5_3_1.5,pragmatic,5,3,1.5,-109.72690113118973
5_3_1.5,explicit,5,3,1.5,-208.436247237278
5_3_2.0,pragmatic,5,3,2.0,-113.37110354239967
5_3_2.0,explicit,5,3,2.0,-229.68135102475446
5_3_2.5,pragmatic,5,3,2.5,-120.96667592627439
5_3_2.5,explicit,5,3,2.5,-256.8891072534063
5_4_0.5,pragmatic,5,4,0.5,-109.60803235573754
5_4_0.5,explicit,5,4,0.5,-183.94245460573657
5_4_0.1,pragmatic,5,4,0.1,-112.70136075355389
5_4_0.1,explicit,5,4,0.1,-179.8136103579562
5_4_1.5,pragmatic,5,4,1.5,-104.82478378454495
5_4_1.5,explicit,5,4,1.5,-208.436247237278
5_4_2.0,pragmatic,5,4,2.0,-104.92551989920733
5_4_2.0,explicit,5,4,2.0,-229.68135102475446
5_4_2.5,pragmatic,5,4,2.5,-107.52154440098562
5_4_2.5,explicit,5,4,2.5,-256.8891072534063
5_5_0.5,pragmatic,5,5,0.5,-114.00157510899375
5_5_0.5,explicit,5,5,0.5,-183.94245460573657
5_5_0.1,pragmatic,5,5,0.1,-117.51520946463731
5_5_0.1,explicit,5,5,0.1,-179.8136103579562
5_5_1.5,pragmatic,5,5,1.5,-107.1721134909186
5_5_1.5,explicit,5,5,1.5,-208.436247237278
5_5_2.0,pragmatic,5,5,2.0,-105.35839165188395
5_5_2.0,explicit,5,5,2.0,-229.68135102475446
5_5_2.5,pragmatic,5,5,2.5,-105.09645030092136
5_5_2.5,explicit,5,5,2.5,-256.8891072534063
5_6_0.5,pragmatic,5,6,0.5,-121.33742099797803
5_6_0.5,explicit,5,6,0.5,-183.94245460573657
5_6_0.1,pragmatic,5,6,0.1,-125.069253412869
5_6_0.1,explicit,5,6,0.1,-179.8136103579562
5_6_1.5,pragmatic,5,6,1.5,-113.45814400984506
5_6_1.5,explicit,5,6,1.5,-208.436247237278
5_6_2.0,pragmatic,5,6,2.0,-110.66155419892088
5_6_2.0,explicit,5,6,2.0,-229.68135102475446
5_6_2.5,pragmatic,5,6,2.5,-108.90707213879793
5_6_2.5,explicit,5,6,2.5,-256.8891072534063
5_7_0.5,pragmatic,5,7,0.5,-130.3456733255057
5_7_0.5,explicit,5,7,0.5,-183.94245460573657
5_7_0.1,pragmatic,5,7,0.1,-134.20213622039884
5_7_0.1,explicit,5,7,0.1,-179.8136103579562
5_7_1.5,pragmatic,5,7,1.5,-121.89028336199625
5_7_1.5,explicit,5,7,1.5,-208.436247237278
5_7_2.0,pragmatic,5,7,2.0,-118.57277526255703
5_7_2.0,explicit,5,7,2.0,-229.68135102475446
5_7_2.5,pragmatic,5,7,2.5,-116.03821287767757
5_7_2.5,explicit,5,7,2.5,-256.8891072534063
6_1_0.5,pragmatic,6,1,0.5,-143.327293578497
6_1_0.5,explicit,6,1,0.5,-183.94245460573657
6_1_0.1,pragmatic,6,1,0.1,-141.82047003557648
6_1_0.1,explicit,6,1,0.1,-179.8136103579562
6_1_1.5,pragmatic,6,1,1.5,-158.42656165302046
6_1_1.5,explicit,6,1,1.5,-208.436247237278
6_1_2.0,pragmatic,6,1,2.0,-174.04453966445863
6_1_2.0,explicit,6,1,2.0,-229.68135102475446
6_1_2.5,pragmatic,6,1,2.5,-195.80053654815697
6_1_2.5,explicit,6,1,2.5,-256.8891072534063
6_2_0.5,pragmatic,6,2,0.5,-119.16429328662129
6_2_0.5,explicit,6,2,0.5,-183.94245460573657
6_2_0.1,pragmatic,6,2,0.1,-119.94227104309273
6_2_0.1,explicit,6,2,0.1,-179.8136103579562
6_2_1.5,pragmatic,6,2,1.5,-124.97623934907736
6_2_1.5,explicit,6,2,1.5,-208.436247237278
6_2_2.0,pragmatic,6,2,2.0,-134.0221835292224
6_2_2.0,explicit,6,2,2.0,-229.68135102475446
6_2_2.5,pragmatic,6,2,2.5,-148.4782236839498
6_2_2.5,explicit,6,2,2.5,-256.8891072534063
6_3_0.5,pragmatic,6,3,0.5,-109.45802185502296
6_3_0.5,explicit,6,3,0.5,-183.94245460573657
6_3_0.1,pragmatic,6,3,0.1,-111.74052510504534
6_3_0.1,explicit,6,3,0.1,-179.8136103579562
6_3_1.5,pragmatic,6,3,1.5,-108.48494032582886
6_3_1.5,explicit,6,3,1.5,-208.436247237278
6_3_2.0,pragmatic,6,3,2.0,-111.96559118984389
6_3_2.0,explicit,6,3,2.0,-229.68135102475446
6_3_2.5,pragmatic,6,3,2.5,-119.31069542932539
6_3_2.5,explicit,6,3,2.5,-256.8891072534063
6_4_0.5,pragmatic,6,4,0.5,-109.22914093069792
6_4_0.5,explicit,6,4,0.5,-183.94245460573657
6_4_0.1,pragmatic,6,4,0.1,-112.31212837304817
6_4_0.1,explicit,6,4,0.1,-179.8136103579562
6_4_1.5,pragmatic,6,4,1.5,-104.40921336743295
6_4_1.5,explicit,6,4,1.5,-208.436247237278
6_4_2.0,pragmatic,6,4,2.0,-104.4112084270538
6_4_2.0,explicit,6,4,2.0,-229.68135102475446
6_4_2.5,pragmatic,6,4,2.5,-106.81548210278778
6_4_2.5,explicit,6,4,2.5,-256.8891072534063
6_5_0.5,pragmatic,6,5,0.5,-114.2468123420004
6_5_0.5,explicit,6,5,0.5,-183.94245460573657
6_5_0.1,pragmatic,6,5,0.1,-117.72059417391603
6_5_0.1,explicit,6,5,0.1,-179.8136103579562
6_5_1.5,pragmatic,6,5,1.5,-107.49747251940195
6_5_1.5,explicit,6,5,1.5,-208.436247237278
6_5_2.0,pragmatic,6,5,2.0,-105.6716000193032
6_5_2.0,explicit,6,5,2.0,-229.68135102475446
6_5_2.5,pragmatic,6,5,2.5,-105.3262823855836
6_5_2.5,explicit,6,5,2.5,-256.8891072534063
6_6_0.5,pragmatic,6,6,0.5,-122.07855556931429
6_6_0.5,explicit,6,6,0.5,-183.94245460573657
6_6_0.1,pragmatic,6,6,0.1,-125.74501032981027
6_6_0.1,explicit,6,6,0.1,-179.8136103579562
6_6_1.5,pragmatic,6,6,1.5,-114.37625259173554
6_6_1.5,explicit,6,6,1.5,-208.436247237278
6_6_2.0,pragmatic,6,6,2.0,-111.63693041871247
6_6_2.0,explicit,6,6,2.0,-229.68135102475446
6_6_2.5,pragmatic,6,6,2.5,-109.88689617762645
6_6_2.5,explicit,6,6,2.5,-256.8891072534063
6_7_0.5,pragmatic,6,7,0.5,-131.49325225014655
6_7_0.5,explicit,6,7,0.5,-183.94245460573657
6_7_0.1,pragmatic,6,7,0.1,-135.26174972117988
6_7_0.1,explicit,6,7,0.1,-179.8136103579562
6_7_1.5,pragmatic,6,7,1.5,-123.29501254207334
6_7_1.5,explicit,6,7,1.5,-208.436247237278
6_7_2.0,pragmatic,6,7,2.0,-120.08733820608809
6_7_2.0,explicit,6,7,2.0,-229.68135102475446
6_7_2.5,pragmatic,6,7,2.5,-117.6197846210373
6_7_2.5,explicit,6,7,2.5,-256.8891072534063
7_1_0.5,pragmatic,7,1,0.5,-142.32703124846284
7_1_0.5,explicit,7,1,0.5,-183.94245460573657
7_1_0.1,pragmatic,7,1,0.1,-140.8176348572868
7_1_0.1,explicit,7,1,0.1,-179.8136103579562
7_1_1.5,pragmatic,7,1,1.5,-157.43111360156524
7_1_1.5,explicit,7,1,1.5,-208.436247237278
7_1_2.0,pragmatic,7,1,2.0,-173.04908073625757
7_1_2.0,explicit,7,1,2.0,-229.68135102475446
7_1_2.5,pragmatic,7,1,2.5,-194.80322584444806
7_1_2.5,explicit,7,1,2.5,-256.8891072534063
7_2_0.5,pragmatic,7,2,0.5,-118.11638607623071
7_2_0.5,explicit,7,2,0.5,-183.94245460573657
7_2_0.1,pragmatic,7,2,0.1,-118.91370201650905
7_2_0.1,explicit,7,2,0.1,-179.8136103579562
7_2_1.5,pragmatic,7,2,1.5,-123.82646618379361
7_2_1.5,explicit,7,2,1.5,-208.436247237278
7_2_2.0,pragmatic,7,2,2.0,-132.78149662884553
7_2_2.0,explicit,7,2,2.0,-229.68135102475446
7_2_2.5,pragmatic,7,2,2.5,-147.12024484903273
7_2_2.5,explicit,7,2,2.5,-256.8891072534063
7_3_0.5,pragmatic,7,3,0.5,-109.01312556549729
7_3_0.5,explicit,7,3,0.5,-183.94245460573657
7_3_0.1,pragmatic,7,3,0.1,-111.31145546745155
7_3_0.1,explicit,7,3,0.1,-179.8136103579562
7_3_1.5,pragmatic,7,3,1.5,-107.93037911798774
7_3_1.5,explicit,7,3,1.5,-208.436247237278
7_3_2.0,pragmatic,7,3,2.0,-111.28959258106475
7_3_2.0,explicit,7,3,2.0,-229.68135102475446
7_3_2.5,pragmatic,7,3,2.5,-118.44942893992607
7_3_2.5,explicit,7,3,2.5,-256.8891072534063
7_4_0.5,pragmatic,7,4,0.5,-109.52694654246058
7_4_0.5,explicit,7,4,0.5,-183.94245460573657
7_4_0.1,pragmatic,7,4,0.1,-112.60679236323828
7_4_0.1,explicit,7,4,0.1,-179.8136103579562
7_4_1.5,pragmatic,7,4,1.5,-104.67108578638926
7_4_1.5,explicit,7,4,1.5,-208.436247237278
7_4_2.0,pragmatic,7,4,2.0,-104.60243055982502
7_4_2.0,explicit,7,4,2.0,-229.68135102475446
7_4_2.5,pragmatic,7,4,2.5,-106.8752578325186
7_4_2.5,explicit,7,4,2.5,-256.8891072534063
7_5_0.5,pragmatic,7,5,0.5,-115.21575075258107
7_5_0.5,explicit,7,5,0.5,-183.94245460573657
7_5_0.1,pragmatic,7,5,0.1,-118.66863968608365
7_5_0.1,explicit,7,5,0.1,-179.8136103579562
7_5_1.5,pragmatic,7,5,1.5,-108.50264754884576
7_5_1.5,explicit,7,5,1.5,-208.436247237278
7_5_2.0,pragmatic,7,5,2.0,-106.6627873391245
7_5_2.0,explicit,7,5,2.0,-229.68135102475446
7_5_2.5,pragmatic,7,5,2.5,-106.26183093814981
7_5_2.5,explicit,7,5,2.5,-256.8891072534063
7_6_0.5,pragmatic,7,6,0.5,-123.63430048894607
7_6_0.5,explicit,7,6,0.5,-183.94245460573657
7_6_0.1,pragmatic,7,6,0.1,-127.26618677443643
7_6_0.1,explicit,7,6,0.1,-179.8136103579562
7_6_1.5,pragmatic,7,6,1.5,-116.0204919329355
7_6_1.5,explicit,7,6,1.5,-208.436247237278
7_6_2.0,pragmatic,7,6,2.0,-113.30608618006401
7_6_2.0,explicit,7,6,2.0,-229.68135102475446
7_6_2.5,pragmatic,7,6,2.5,-111.552119779136
7_6_2.5,explicit,7,6,2.5,-256.8891072534063
7_7_0.5,pragmatic,7,7,0.5,-133.57899460291569
7_7_0.5,explicit,7,7,0.5,-183.94245460573657
7_7_0.1,pragmatic,7,7,0.1,-137.30222070351766
7_7_0.1,explicit,7,7,0.1,-179.8136103579562
7_7_1.5,pragmatic,7,7,1.5,-125.50694884558102
7_7_1.5,explicit,7,7,1.5,-208.436247237278
7_7_2.0,pragmatic,7,7,2.0,-122.34959631331358
7_7_2.0,explicit,7,7,2.0,-229.68135102475446
7_7_2.5,pragmatic,7,7,2.5,-119.90975436529664
7_7_2.5,explicit,7,7,2.5,-256.8891072534063
8_1_0.5,pragmatic,8,1,0.5,-141.59738899021886
8_1_0.5,explicit,8,1,0.5,-183.94245460573657
8_1_0.1,pragmatic,8,1,0.1,-140.0844444703845
8_1_0.1,explicit,8,1,0.1,-179.8136103579562
8_1_1.5,pragmatic,8,1,1.5,-156.7113474304938
8_1_1.5,explicit,8,1,1.5,-208.436247237278
8_1_2.0,pragmatic,8,1,2.0,-172.33340726381314
8_1_2.0,explicit,8,1,2.0,-229.68135102475446
8_1_2.5,pragmatic,8,1,2.5,-194.09037512776254
8_1_2.5,explicit,8,1,2.5,-256.8891072534063
8_2_0.5,pragmatic,8,2,0.5,-117.44695215574447
8_2_0.5,explicit,8,2,0.5,-183.94245460573657
8_2_0.1,pragmatic,8,2,0.1,-118.25901083897563
8_2_0.1,explicit,8,2,0.1,-179.8136103579562
8_2_1.5,pragmatic,8,2,1.5,-123.08092615322836
8_2_1.5,explicit,8,2,1.5,-208.436247237278
8_2_2.0,pragmatic,8,2,2.0,-131.96831410911207
8_2_2.0,explicit,8,2,2.0,-229.68135102475446
8_2_2.5,pragmatic,8,2,2.5,-146.2191543062472
8_2_2.5,explicit,8,2,2.5,-256.8891072534063
8_3_0.5,pragmatic,8,3,0.5,-108.93349575765245
8_3_0.5,explicit,8,3,0.5,-183.94245460573657
8_3_0.1,pragmatic,8,3,0.1,-111.24459561510575
8_3_0.1,explicit,8,3,0.1,-179.8136103579562
8_3_1.5,pragmatic,8,3,1.5,-107.76952595602936
8_3_1.5,explicit,8,3,1.5,-208.436247237278
8_3_2.0,pragmatic,8,3,2.0,-111.04131995837896
8_3_2.0,explicit,8,3,2.0,-229.68135102475446
8_3_2.5,pragmatic,8,3,2.5,-118.06716543950898
8_3_2.5,explicit,8,3,2.5,-256.8891072534063
8_4_0.5,pragmatic,8,4,0.5,-110.14328406384529
8_4_0.5,explicit,8,4,0.5,-183.94245460573657
8_4_0.1,pragmatic,8,4,0.1,-113.223542050685
8_4_0.1,explicit,8,4,0.1,-179.8136103579562
8_4_1.5,pragmatic,8,4,1.5,-105.25781043450046
8_4_1.5,explicit,8,4,1.5,-208.436247237278
8_4_2.0,pragmatic,8,4,2.0,-105.14133325413275
8_4_2.0,explicit,8,4,2.0,-229.68135102475446
8_4_2.5,pragmatic,8,4,2.5,-107.32748908510996
8_4_2.5,explicit,8,4,2.5,-256.8891072534063
8_5_0.5,pragmatic,8,5,0.5,-116.47522289137716
8_5_0.5,explicit,8,5,0.5,-183.94245460573657
8_5_0.1,pragmatic,8,5,0.1,-119.9185023414066
8_5_0.1,explicit,8,5,0.1,-179.8136103579562
8_5_1.5,pragmatic,8,5,1.5,-109.77578399897028
8_5_1.5,explicit,8,5,1.5,-208.436247237278
8_5_2.0,pragmatic,8,5,2.0,-107.92500653869276
8_5_2.0,explicit,8,5,2.0,-229.68135102475446
8_5_2.5,pragmatic,8,5,2.5,-107.49043926001546
8_5_2.5,explicit,8,5,2.5,-256.8891072534063
8_6_0.5,pragmatic,8,6,0.5,-125.47680781838126
8_6_0.5,explicit,8,6,0.5,-183.94245460573657
8_6_0.1,pragmatic,8,6,0.1,-129.09266870761098
8_6_0.1,explicit,8,6,0.1,-179.8136103579562
8_6_1.5,pragmatic,8,6,1.5,-117.9025989143403
8_6_1.5,explicit,8,6,1.5,-208.436247237278
8_6_2.0,pragmatic,8,6,2.0,-115.19827731151638
8_6_2.0,explicit,8,6,2.0,-229.68135102475446
8_6_2.5,pragmatic,8,6,2.5,-113.44061850506293
8_6_2.5,explicit,8,6,2.5,-256.8891072534063
8_7_0.5,pragmatic,8,7,0.5,-135.96222853901895
8_7_0.5,explicit,8,7,0.5,-183.94245460573657
8_7_0.1,pragmatic,8,7,0.1,-139.6653238416093
8_7_0.1,explicit,8,7,0.1,-179.8136103579562
8_7_1.5,pragmatic,8,7,1.5,-127.94498191969936
8_7_1.5,explicit,8,7,1.5,-208.436247237278
8_7_2.0,pragmatic,8,7,2.0,-124.80890655439603
8_7_2.0,explicit,8,7,2.0,-229.68135102475446
8_7_2.5,pragmatic,8,7,2.5,-122.38033049513975
8_7_2.5,explicit,8,7,2.5,-256.8891072534063
9_1_0.5,pragmatic,9,1,0.5,-141.05783284291783
9_1_0.5,explicit,9,1,0.5,-183.94245460573657
9_1_0.1,pragmatic,9,1,0.1,-139.54104568424648
9_1_0.1,explicit,9,1,0.1,-179.8136103579562
9_1_1.5,pragmatic,9,1,1.5,-156.18365258356746
9_1_1.5,explicit,9,1,1.5,-208.436247237278
9_1_2.0,pragmatic,9,1,2.0,-171.81157719974303
9_1_2.0,explicit,9,1,2.0,-229.68135102475446
9_1_2.5,pragmatic,9,1,2.5,-193.5734344310276
9_1_2.5,explicit,9,1,2.5,-256.8891072534063
9_2_0.5,pragmatic,9,2,0.5,-117.01996703903201
9_2_0.5,explicit,9,2,0.5,-183.94245460573657
9_2_0.1,pragmatic,9,2,0.1,-117.84300817077472
9_2_0.1,explicit,9,2,0.1,-179.8136103579562
9_2_1.5,pragmatic,9,2,1.5,-122.59759611036503
9_2_1.5,explicit,9,2,1.5,-208.436247237278
9_2_2.0,pragmatic,9,2,2.0,-131.4345119985932
9_2_2.0,explicit,9,2,2.0,-229.68135102475446
9_2_2.5,pragmatic,9,2,2.5,-145.61882415380438
9_2_2.5,explicit,9,2,2.5,-256.8891072534063
9_3_0.5,pragmatic,9,3,0.5,-109.05145485701152
9_3_0.5,explicit,9,3,0.5,-183.94245460573657
9_3_0.1,pragmatic,9,3,0.1,-111.37219189044336
9_3_0.1,explicit,9,3,0.1,-179.8136103579562
9_3_1.5,pragmatic,9,3,1.5,-107.82914198248474
9_3_1.5,explicit,9,3,1.5,-208.436247237278
9_3_2.0,pragmatic,9,3,2.0,-111.03869208203926
9_3_2.0,explicit,9,3,2.0,-229.68135102475446
9_3_2.5,pragmatic,9,3,2.5,-117.9677072624162
9_3_2.5,explicit,9,3,2.5,-256.8891072534063
9_4_0.5,pragmatic,9,4,0.5,-110.88840797326722
9_4_0.5,explicit,9,4,0.5,-183.94245460573657
9_4_0.1,pragmatic,9,4,0.1,-113.97005294217573
9_4_0.1,explicit,9,4,0.1,-179.8136103579562
9_4_1.5,pragmatic,9,4,1.5,-105.98200689819004
9_4_1.5,explicit,9,4,1.5,-208.436247237278
9_4_2.0,pragmatic,9,4,2.0,-105.83505209640788
9_4_2.0,explicit,9,4,2.0,-229.68135102475446
9_4_2.5,pragmatic,9,4,2.5,-107.96603370602966
9_4_2.5,explicit,9,4,2.5,-256.8891072534063
9_5_0.5,pragmatic,9,5,0.5,-117.8069324922982
9_5_0.5,explicit,9,5,0.5,-183.94245460573657
9_5_0.1,pragmatic,9,5,0.1,-121.24605389438369
9_5_0.1,explicit,9,5,0.1,-179.8136103579562
9_5_1.5,pragmatic,9,5,1.5,-111.11276067098467
9_5_1.5,explicit,9,5,1.5,-208.436247237278
9_5_2.0,pragmatic,9,5,2.0,-109.25617818984394
9_5_2.0,explicit,9,5,2.0,-229.68135102475446
9_5_2.5,pragmatic,9,5,2.5,-108.80467073372893
9_5_2.5,explicit,9,5,2.5,-256.8891072534063
9_6_0.5,pragmatic,9,6,0.5,-127.3496363407918
9_6_0.5,explicit,9,6,0.5,-183.94245460573657
9_6_0.1,pragmatic,9,6,0.1,-130.958733310826
9_6_0.1,explicit,9,6,0.1,-179.8136103579562
9_6_1.5,pragmatic,9,6,1.5,-119.79252933293186
9_6_1.5,explicit,9,6,1.5,-208.436247237278
9_6_2.0,pragmatic,9,6,2.0,-117.09332804145272
9_6_2.0,explicit,9,6,2.0,-229.68135102475446
9_6_2.5,pragmatic,9,6,2.5,-115.33578606012097
9_6_2.5,explicit,9,6,2.5,-256.8891072534063
9_7_0.5,pragmatic,9,7,0.5,-138.34265561611625
9_7_0.5,explicit,9,7,0.5,-183.94245460573657
9_7_0.1,pragmatic,9,7,0.1,-142.03797867303325
9_7_0.1,explicit,9,7,0.1,-179.8136103579562
9_7_1.5,pragmatic,9,7,1.5,-130.34689860595824
9_7_1.5,explicit,9,7,1.5,-208.436247237278
9_7_2.0,pragmatic,9,7,2.0,-127.21987205241182
9_7_2.0,explicit,9,7,2.0,-229.68135102475446
9_7_2.5,pragmatic,9,7,2.5,-124.79729075725898
9_7_2.5,explicit,9,7,2.5,-256.8891072534063
10_1_0.5,pragmatic,10,1,0.5,-140.65123455806713
10_1_0.5,explicit,10,1,0.5,-183.94245460573657
10_1_0.1,pragmatic,10,1,0.1,-139.13071325503333
10_1_0.1,explicit,10,1,0.1,-179.8136103579562
10_1_1.5,pragmatic,10,1,1.5,-155.78902007292731
10_1_1.5,explicit,10,1,1.5,-208.436247237278
10_1_2.0,pragmatic,10,1,2.0,-171.42316444062106
10_1_2.0,explicit,10,1,2.0,-229.68135102475446
10_1_2.5,pragmatic,10,1,2.5,-193.19042239503997
10_1_2.5,explicit,10,1,2.5,-256.8891072534063
10_2_0.5,pragmatic,10,2,0.5,-116.74794702399153
10_2_0.5,explicit,10,2,0.5,-183.94245460573657
10_2_0.1,pragmatic,10,2,0.1,-117.57916483185086
10_2_0.1,explicit,10,2,0.1,-179.8136103579562
10_2_1.5,pragmatic,10,2,1.5,-122.28338137121487
10_2_1.5,explicit,10,2,1.5,-208.436247237278
10_2_2.0,pragmatic,10,2,2.0,-131.08186994211852
10_2_2.0,explicit,10,2,2.0,-229.68135102475446
10_2_2.5,pragmatic,10,2,2.5,-145.21461770431355
10_2_2.5,explicit,10,2,2.5,-256.8891072534063
10_3_0.5,pragmatic,10,3,0.5,-109.27009623380339
10_3_0.5,explicit,10,3,0.5,-183.94245460573657
10_3_0.1,pragmatic,10,3,0.1,-111.59785009944045
10_3_0.1,explicit,10,3,0.1,-179.8136103579562
10_3_1.5,pragmatic,10,3,1.5,-108.00630075288407
10_3_1.5,explicit,10,3,1.5,-208.436247237278
10_3_2.0,pragmatic,10,3,2.0,-111.17127000257113
10_3_2.0,explicit,10,3,2.0,-229.68135102475446
10_3_2.5,pragmatic,10,3,2.5,-118.02931874642428
10_3_2.5,explicit,10,3,2.5,-256.8891072534063
10_4_0.5,pragmatic,10,4,0.5,-111.66228376983261
10_4_0.5,explicit,10,4,0.5,-183.94245460573657
10_4_0.1,pragmatic,10,4,0.1,-114.74519994338225
10_4_0.1,explicit,10,4,0.1,-179.8136103579562
10_4_1.5,pragmatic,10,4,1.5,-106.74274661496105
10_4_1.5,explicit,10,4,1.5,-208.436247237278
10_4_2.0,pragmatic,10,4,2.0,-106.5774935249261
10_4_2.0,explicit,10,4,2.0,-229.68135102475446
10_4_2.5,pragmatic,10,4,2.5,-108.67446942055955
10_4_2.5,explicit,10,4,2.5,-256.8891072534063
10_5_0.5,pragmatic,10,5,0.5,-119.1036484919304
10_5_0.5,explicit,10,5,0.5,-183.94245460573657
10_5_0.1,pragmatic,10,5,0.1,-122.54102874612131
10_5_0.1,explicit,10,5,0.1,-179.8136103579562
10_5_1.5,pragmatic,10,5,1.5,-112.41245940699591
10_5_1.5,explicit,10,5,1.5,-208.436247237278
10_5_2.0,pragmatic,10,5,2.0,-110.55461035674638
10_5_2.0,explicit,10,5,2.0,-229.68135102475446
10_5_2.5,pragmatic,10,5,2.5,-110.09760352232419
10_5_2.5,explicit,10,5,2.5,-256.8891072534063
10_6_0.5,pragmatic,10,6,0.5,-129.13324255781706
10_6_0.5,explicit,10,6,0.5,-183.94245460573657
10_6_0.1,pragmatic,10,6,0.1,-132.73994510257603
10_6_0.1,explicit,10,6,0.1,-179.8136103579562
10_6_1.5,pragmatic,10,6,1.5,-121.58337568978364
10_6_1.5,explicit,10,6,1.5,-208.436247237278
10_6_2.0,pragmatic,10,6,2.0,-118.88806080594617
10_6_2.0,explicit,10,6,2.0,-229.68135102475446
10_6_2.5,pragmatic,10,6,2.5,-117.13437571210397
10_6_2.5,explicit,10,6,2.5,-256.8891072534063
10_7_0.5,pragmatic,10,7,0.5,-140.58541633342193
10_7_0.5,explicit,10,7,0.5,-183.94245460573657
10_7_0.1,pragmatic,10,7,0.1,-144.27878462652777
10_7_0.1,explicit,10,7,0.1,-179.8136103579562
10_7_1.5,pragmatic,10,7,1.5,-132.59596117601114
10_7_1.5,explicit,10,7,1.5,-208.436247237278
10_7_2.0,pragmatic,10,7,2.0,-129.47288572309176
10_7_2.0,explicit,10,7,2.0,-229.68135102475446
10_7_2.5,pragmatic,10,7,2.5,-127.05494717435019
10_7_2.5,explicit,10,7,2.5,-256.8891072534063
11_1_0.5,pragmatic,11,1,0.5,-140.3378749539351
11_1_0.5,explicit,11,1,0.5,-183.94245460573657
11_1_0.1,pragmatic,11,1,0.1,-138.81396542095464
11_1_0.1,explicit,11,1,0.1,-179.8136103579562
11_1_1.5,pragmatic,11,1,1.5,-155.48664787011705
11_1_1.5,explicit,11,1,1.5,-208.436247237278
11_1_2.0,pragmatic,11,1,2.0,-171.1265796180947
11_1_2.0,explicit,11,1,2.0,-229.68135102475446
11_1_2.5,pragmatic,11,1,2.5,-192.898908543941
11_1_2.5,explicit,11,1,2.5,-256.8891072534063
11_2_0.5,pragmatic,11,2,0.5,-116.57437993690446
11_2_0.5,explicit,11,2,0.5,-183.94245460573657
11_2_0.1,pragmatic,11,2,0.1,-117.41182770958379
11_2_0.1,explicit,11,2,0.1,-179.8136103579562
11_2_1.5,pragmatic,11,2,1.5,-122.07728521410709
11_2_1.5,explicit,11,2,1.5,-208.436247237278
11_2_2.0,pragmatic,11,2,2.0,-130.8455740399733
11_2_2.0,explicit,11,2,2.0,-229.68135102475446
11_2_2.5,pragmatic,11,2,2.5,-144.9370838161825
11_2_2.5,explicit,11,2,2.5,-256.8891072534063
11_3_0.5,pragmatic,11,3,0.5,-109.53271337352541
11_3_0.5,explicit,11,3,0.5,-183.94245460573657
11_3_0.1,pragmatic,11,3,0.1,-111.86555427129066
11_3_0.1,explicit,11,3,0.1,-179.8136103579562
11_3_1.5,pragmatic,11,3,1.5,-108.23910110116233
11_3_1.5,explicit,11,3,1.5,-208.436247237278
11_3_2.0,pragmatic,11,3,2.0,-111.37146746854566
11_3_2.0,explicit,11,3,2.0,-229.68135102475446
11_3_2.5,pragmatic,11,3,2.5,-118.17618220897809
11_3_2.5,explicit,11,3,2.5,-256.8891072534063
11_4_0.5,pragmatic,11,4,0.5,-112.4124449603662
11_4_0.5,explicit,11,4,0.5,-183.94245460573657
11_4_0.1,pragmatic,11,4,0.1,-115.4962560442737
11_4_0.1,explicit,11,4,0.1,-179.8136103579562
11_4_1.5,pragmatic,11,4,1.5,-107.48546192249033
11_4_1.5,explicit,11,4,1.5,-208.436247237278
11_4_2.0,pragmatic,11,4,2.0,-107.30989006483392
11_4_2.0,explicit,11,4,2.0,-229.68135102475446
11_4_2.5,pragmatic,11,4,2.5,-109.38650848286481
11_4_2.5,explicit,11,4,2.5,-256.8891072534063
11_5_0.5,pragmatic,11,5,0.5,-120.31464339754753
11_5_0.5,explicit,11,5,0.5,-183.94245460573657
11_5_0.1,pragmatic,11,5,0.1,-123.75134538331484
11_5_0.1,explicit,11,5,0.1,-179.8136103579562
11_5_1.5,pragmatic,11,5,1.5,-113.62609236771571
11_5_1.5,explicit,11,5,1.5,-208.436247237278
11_5_2.0,pragmatic,11,5,2.0,-111.77008493979058
11_5_2.0,explicit,11,5,2.0,-229.68135102475446
11_5_2.5,pragmatic,11,5,2.5,-111.3146977645839
11_5_2.5,explicit,11,5,2.5,-256.8891072534063
11_6_0.5,pragmatic,11,6,0.5,-130.77549817099168
11_6_0.5,explicit,11,6,0.5,-183.94245460573657
11_6_0.1,pragmatic,11,6,0.1,-134.38185862278175
11_6_0.1,explicit,11,6,0.1,-179.8136103579562
11_6_1.5,pragmatic,11,6,1.5,-123.2284502843573
11_6_1.5,explicit,11,6,1.5,-208.436247237278
11_6_2.0,pragmatic,11,6,2.0,-120.53681495533488
11_6_2.0,explicit,11,6,2.0,-229.68135102475446
11_6_2.5,pragmatic,11,6,2.5,-118.78950218336956
11_6_2.5,explicit,11,6,2.5,-256.8891072534063
11_7_0.5,pragmatic,11,7,0.5,-142.63492049024617
11_7_0.5,explicit,11,7,0.5,-183.94245460573657
11_7_0.1,pragmatic,11,7,0.1,-146.32904064843925
11_7_0.1,explicit,11,7,0.1,-179.8136103579562
11_7_1.5,pragmatic,11,7,1.5,-134.64477188717566
11_7_1.5,explicit,11,7,1.5,-208.436247237278
11_7_2.0,pragmatic,11,7,2.0,-131.5234170481377
11_7_2.0,explicit,11,7,2.0,-229.68135102475446
11_7_2.5,pragmatic,11,7,2.5,-129.10984777394924
11_7_2.5,explicit,11,7,2.5,-256.8891072534063
12_1_0.5,pragmatic,12,1,0.5,-140.09024556775188
12_1_0.5,explicit,12,1,0.5,-183.94245460573657
12_1_0.1,pragmatic,12,1,0.1,-138.5634138964363
12_1_0.1,explicit,12,1,0.1,-179.8136103579562
12_1_1.5,pragmatic,12,1,1.5,-155.24849188386034
12_1_1.5,explicit,12,1,1.5,-208.436247237278
12_1_2.0,pragmatic,12,1,2.0,-170.8934004009727
12_1_2.0,explicit,12,1,2.0,-229.68135102475446
12_1_2.5,pragmatic,12,1,2.5,-192.6700744793688
12_1_2.5,explicit,12,1,2.5,-256.8891072534063
12_2_0.5,pragmatic,12,2,0.5,-116.4625633907827
12_2_0.5,explicit,12,2,0.5,-183.94245460573657
12_2_0.1,pragmatic,12,2,0.1,-117.30496033250226
12_2_0.1,explicit,12,2,0.1,-179.8136103579562
12_2_1.5,pragmatic,12,2,1.5,-121.93934878200577
12_2_1.5,explicit,12,2,1.5,-208.436247237278
12_2_2.0,pragmatic,12,2,2.0,-130.68300017474195
12_2_2.0,explicit,12,2,2.0,-229.68135102475446
12_2_2.5,pragmatic,12,2,2.5,-144.74040503926187
12_2_2.5,explicit,12,2,2.5,-256.8891072534063
12_3_0.5,pragmatic,12,3,0.5,-109.80620061743387
12_3_0.5,explicit,12,3,0.5,-183.94245460573657
12_3_0.1,pragmatic,12,3,0.1,-112.14282173103042
12_3_0.1,explicit,12,3,0.1,-179.8136103579562
12_3_1.5,pragmatic,12,3,1.5,-108.49048769016348
12_3_1.5,explicit,12,3,1.5,-208.436247237278
12_3_2.0,pragmatic,12,3,2.0,-111.59819780299604
12_3_2.0,explicit,12,3,2.0,-229.68135102475446
12_3_2.5,pragmatic,12,3,2.5,-118.36148648414544
12_3_2.5,explicit,12,3,2.5,-256.8891072534063
12_4_0.5,pragmatic,12,4,0.5,-113.11263894628071
12_4_0.5,explicit,12,4,0.5,-183.94245460573657
12_4_0.1,pragmatic,12,4,0.1,-116.19702843773777
12_4_0.1,explicit,12,4,0.1,-179.8136103579562
12_4_1.5,pragmatic,12,4,1.5,-108.18182883446467
12_4_1.5,explicit,12,4,1.5,-208.436247237278
12_4_2.0,pragmatic,12,4,2.0,-108.00083105232888
12_4_2.0,explicit,12,4,2.0,-229.68135102475446
12_4_2.5,pragmatic,12,4,2.5,-110.06552244113846
12_4_2.5,explicit,12,4,2.5,-256.8891072534063
12_5_0.5,pragmatic,12,5,0.5,-121.41897115564323
12_5_0.5,explicit,12,5,0.5,-183.94245460573657
12_5_0.1,pragmatic,12,5,0.1,-124.85549597710197
12_5_0.1,explicit,12,5,0.1,-179.8136103579562
12_5_1.5,pragmatic,12,5,1.5,-114.73302437286287
12_5_1.5,explicit,12,5,1.5,-208.436247237278
12_5_2.0,pragmatic,12,5,2.0,-112.88058884115148
12_5_2.0,explicit,12,5,2.0,-229.68135102475446
12_5_2.5,pragmatic,12,5,2.5,-112.43075563206011
12_5_2.5,explicit,12,5,2.5,-256.8891072534063
12_6_0.5,pragmatic,12,6,0.5,-132.25883565119892
12_6_0.5,explicit,12,6,0.5,-183.94245460573657
12_6_0.1,pragmatic,12,6,0.1,-135.8658291344337
12_6_0.1,explicit,12,6,0.1,-179.8136103579562
12_6_1.5,pragmatic,12,6,1.5,-124.71245783821713
12_6_1.5,explicit,12,6,1.5,-208.436247237278
12_6_2.0,pragmatic,12,6,2.0,-122.02437770757452
12_6_2.0,explicit,12,6,2.0,-229.68135102475446
12_6_2.5,pragmatic,12,6,2.5,-120.28467576398184
12_6_2.5,explicit,12,6,2.5,-256.8891072534063
12_7_0.5,pragmatic,12,7,0.5,-144.4757873745983
12_7_0.5,explicit,12,7,0.5,-183.94245460573657
12_7_0.1,pragmatic,12,7,0.1,-148.17187719955888
12_7_0.1,explicit,12,7,0.1,-179.8136103579562
12_7_1.5,pragmatic,12,7,1.5,-136.48171600232237
12_7_1.5,explicit,12,7,1.5,-208.436247237278
12_7_2.0,pragmatic,12,7,2.0,-133.36099945735458
12_7_2.0,explicit,12,7,2.0,-229.68135102475446
12_7_2.5,pragmatic,12,7,2.5,-130.9516424091881
12_7_2.5,explicit,12,7,2.5,-256.8891072534063
13_1_0.5,pragmatic,13,1,0.5,-139.88930608902456
13_1_0.5,explicit,13,1,0.5,-183.94245460573657
13_1_0.1,pragmatic,13,1,0.1,-138.3600559093969
13_1_0.1,explicit,13,1,0.1,-179.8136103579562
13_1_1.5,pragmatic,13,1,1.5,-155.05533394706444
13_1_1.5,explicit,13,1,1.5,-208.436247237278
13_1_2.0,pragmatic,13,1,2.0,-170.70427996092124
13_1_2.0,explicit,13,1,2.0,-229.68135102475446
13_1_2.5,pragmatic,13,1,2.5,-192.48443796513206
13_1_2.5,explicit,13,1,2.5,-256.8891072534063
13_2_0.5,pragmatic,13,2,0.5,-116.38868984222053
13_2_0.5,explicit,13,2,0.5,-183.94245460573657
13_2_0.1,pragmatic,13,2,0.1,-117.2352233311227
13_2_0.1,explicit,13,2,0.1,-179.8136103579562
13_2_1.5,pragmatic,13,2,1.5,-121.84354585464119
13_2_1.5,explicit,13,2,1.5,-208.436247237278
13_2_2.0,pragmatic,13,2,2.0,-130.56633296480183
13_2_2.0,explicit,13,2,2.0,-229.68135102475446
13_2_2.5,pragmatic,13,2,2.5,-144.5946223080489
13_2_2.5,explicit,13,2,2.5,-256.8891072534063
13_3_0.5,pragmatic,13,3,0.5,-110.07176874848372
13_3_0.5,explicit,13,3,0.5,-183.94245460573657
13_3_0.1,pragmatic,13,3,0.1,-112.41133650945689
13_3_0.1,explicit,13,3,0.1,-179.8136103579562
13_3_1.5,pragmatic,13,3,1.5,-108.73889724582897
13_3_1.5,explicit,13,3,1.5,-208.436247237278
13_3_2.0,pragmatic,13,3,2.0,-111.8271582493727
13_3_2.0,explicit,13,3,2.0,-229.68135102475446
13_3_2.5,pragmatic,13,3,2.5,-118.55705807240152
13_3_2.5,explicit,13,3,2.5,-256.8891072534063
13_4_0.5,pragmatic,13,4,0.5,-113.75151797710502
13_4_0.5,explicit,13,4,0.5,-183.94245460573657
13_4_0.1,pragmatic,13,4,0.1,-116.83630249158173
13_4_0.1,explicit,13,4,0.1,-179.8136103579562
13_4_1.5,pragmatic,13,4,1.5,-108.81890031499145
13_4_1.5,explicit,13,4,1.5,-208.436247237278
13_4_2.0,pragmatic,13,4,2.0,-108.63525910483892
13_4_2.0,explicit,13,4,2.0,-229.68135102475446
13_4_2.5,pragmatic,13,4,2.5,-110.69297761886119
13_4_2.5,explicit,13,4,2.5,-256.8891072534063
13_5_0.5,pragmatic,13,5,0.5,-122.41175129513951
13_5_0.5,explicit,13,5,0.5,-183.94245460573657
13_5_0.1,pragmatic,13,5,0.1,-125.8483740322652
13_5_0.1,explicit,13,5,0.1,-179.8136103579562
13_5_1.5,pragmatic,13,5,1.5,-115.7282095082715
13_5_1.5,explicit,13,5,1.5,-208.436247237278
13_5_2.0,pragmatic,13,5,2.0,-113.88004055651695
13_5_2.0,explicit,13,5,2.0,-229.68135102475446
13_5_2.5,pragmatic,13,5,2.5,-113.43753521629452
13_5_2.5,explicit,13,5,2.5,-256.8891072534063
13_6_0.5,pragmatic,13,6,0.5,-133.58369534396797
13_6_0.5,explicit,13,6,0.5,-183.94245460573657
13_6_0.1,pragmatic,13,6,0.1,-137.19179271369228
13_6_0.1,explicit,13,6,0.1,-179.8136103579562
13_6_1.5,pragmatic,13,6,1.5,-126.03678649664064
13_6_1.5,explicit,13,6,1.5,-208.436247237278
13_6_2.0,pragmatic,13,6,2.0,-123.35197708679559
13_6_2.0,explicit,13,6,2.0,-229.68135102475446
13_6_2.5,pragmatic,13,6,2.5,-121.62014038244739
13_6_2.5,explicit,13,6,2.5,-256.8891072534063
13_7_0.5,pragmatic,13,7,0.5,-146.11322657099674
13_7_0.5,explicit,13,7,0.5,-183.94245460573657
13_7_0.1,pragmatic,13,7,0.1,-149.81178885923765
13_7_0.1,explicit,13,7,0.1,-179.8136103579562
13_7_1.5,pragmatic,13,7,1.5,-138.11375322146625
13_7_1.5,explicit,13,7,1.5,-208.436247237278
13_7_2.0,pragmatic,13,7,2.0,-134.99304351603377
13_7_2.0,explicit,13,7,2.0,-229.68135102475446
13_7_2.5,pragmatic,13,7,2.5,-132.58758903346802
13_7_2.5,explicit,13,7,2.5,-256.8891072534063
14_1_0.5,pragmatic,14,1,0.5,-139.7218885186109
14_1_0.5,explicit,14,1,0.5,-183.94245460573657
14_1_0.1,pragmatic,14,1,0.1,-138.19070752876328
14_1_0.1,explicit,14,1,0.1,-179.8136103579562
14_1_1.5,pragmatic,14,1,1.5,-154.89404521480463
14_1_1.5,explicit,14,1,1.5,-208.436247237278
14_1_2.0,pragmatic,14,1,2.0,-170.54610375786905
14_1_2.0,explicit,14,1,2.0,-229.68135102475446
14_1_2.5,pragmatic,14,1,2.5,-192.32889361465925
14_1_2.5,explicit,14,1,2.5,-256.8891072534063
14_2_0.5,pragmatic,14,2,0.5,-116.33745418543403
14_2_0.5,explicit,14,2,0.5,-183.94245460573657
14_2_0.1,pragmatic,14,2,0.1,-117.18761716847487
14_2_0.1,explicit,14,2,0.1,-179.8136103579562
14_2_1.5,pragmatic,14,2,1.5,-121.77313278389515
14_2_1.5,explicit,14,2,1.5,-208.436247237278
14_2_2.0,pragmatic,14,2,2.0,-130.47766214123297
14_2_2.0,explicit,14,2,2.0,-229.68135102475446
14_2_2.5,pragmatic,14,2,2.5,-144.4804099648198
14_2_2.5,explicit,14,2,2.5,-256.8891072534063
14_3_0.5,pragmatic,14,3,0.5,-110.31945603929756
14_3_0.5,explicit,14,3,0.5,-183.94245460573657
14_3_0.1,pragmatic,14,3,0.1,-112.6614601695297
14_3_0.1,explicit,14,3,0.1,-179.8136103579562
14_3_1.5,pragmatic,14,3,1.5,-108.97253227066699
14_3_1.5,explicit,14,3,1.5,-208.436247237278
14_3_2.0,pragmatic,14,3,2.0,-112.04475179950036
14_3_2.0,explicit,14,3,2.0,-229.68135102475446
14_3_2.5,pragmatic,14,3,2.5,-118.74673808581646
14_3_2.5,explicit,14,3,2.5,-256.8891072534063
14_4_0.5,pragmatic,14,4,0.5,-114.32625866383545
14_4_0.5,explicit,14,4,0.5,-183.94245460573657
14_4_0.1,pragmatic,14,4,0.1,-117.41136755955233
14_4_0.1,explicit,14,4,0.1,-179.8136103579562
14_4_1.5,pragmatic,14,4,1.5,-109.39277948468022
14_4_1.5,explicit,14,4,1.5,-208.436247237278
14_4_2.0,pragmatic,14,4,2.0,-109.20792262203233
14_4_2.0,explicit,14,4,2.0,-229.68135102475446
14_4_2.5,pragmatic,14,4,2.5,-111.26139931221029
14_4_2.5,explicit,14,4,2.5,-256.8891072534063
14_5_0.5,pragmatic,14,5,0.5,-123.29665021816324
14_5_0.5,explicit,14,5,0.5,-183.94245460573657
14_5_0.1,pragmatic,14,5,0.1,-126.73354946634346
14_5_0.1,explicit,14,5,0.1,-179.8136103579562
14_5_1.5,pragmatic,14,5,1.5,-116.61511451006514
14_5_1.5,explicit,14,5,1.5,-208.436247237278
14_5_2.0,pragmatic,14,5,2.0,-114.77123757386533
14_5_2.0,explicit,14,5,2.0,-229.68135102475446
14_5_2.5,pragmatic,14,5,2.5,-114.33647901811995
14_5_2.5,explicit,14,5,2.5,-256.8891072534063
14_6_0.5,pragmatic,14,6,0.5,-134.75953646083886
14_6_0.5,explicit,14,6,0.5,-183.94245460573657
14_6_0.1,pragmatic,14,6,0.1,-138.36896580383123
14_6_0.1,explicit,14,6,0.1,-179.8136103579562
14_6_1.5,pragmatic,14,6,1.5,-127.21131890095532
14_6_1.5,explicit,14,6,1.5,-208.436247237278
14_6_2.0,pragmatic,14,6,2.0,-124.52934591134043
14_6_2.0,explicit,14,6,2.0,-229.68135102475446
14_6_2.5,pragmatic,14,6,2.5,-122.804990780573
14_6_2.5,explicit,14,6,2.5,-256.8891072534063
14_7_0.5,pragmatic,14,7,0.5,-147.56226399190845
14_7_0.5,explicit,14,7,0.5,-183.94245460573657
14_7_0.1,pragmatic,14,7,0.1,-151.26346285761662
14_7_0.1,explicit,14,7,0.1,-179.8136103579562
14_7_1.5,pragmatic,14,7,1.5,-139.55672946875495
14_7_1.5,explicit,14,7,1.5,-208.436247237278
14_7_2.0,pragmatic,14,7,2.0,-136.4355780373727
14_7_2.0,explicit,14,7,2.0,-229.68135102475446
14_7_2.5,pragmatic,14,7,2.5,-134.03355451048998
14_7_2.5,explicit,14,7,2.5,-256.8891072534063
15_1_0.5,pragmatic,15,1,0.5,-139.57890082371696
15_1_0.5,explicit,15,1,0.5,-183.94245460573657
15_1_0.1,pragmatic,15,1,0.1,-138.04622991020454
15_1_0.1,explicit,15,1,0.1,-179.8136103579562
15_1_1.5,pragmatic,15,1,1.5,-154.7556922587444
15_1_1.5,explicit,15,1,1.5,-208.436247237278
15_1_2.0,pragmatic,15,1,2.0,-170.41002796361718
15_1_2.0,explicit,15,1,2.0,-229.68135102475446
15_1_2.5,pragmatic,15,1,2.5,-192.19468096586124
15_1_2.5,explicit,15,1,2.5,-256.8891072534063
15_2_0.5,pragmatic,15,2,0.5,-116.29918341330274
15_2_0.5,explicit,15,2,0.5,-183.94245460573657
15_2_0.1,pragmatic,15,2,0.1,-117.15265471613723
15_2_0.1,explicit,15,2,0.1,-179.8136103579562
15_2_1.5,pragmatic,15,2,1.5,-121.71754644541548
15_2_1.5,explicit,15,2,1.5,-208.436247237278
15_2_2.0,pragmatic,15,2,2.0,-130.4056834383302
15_2_2.0,explicit,15,2,2.0,-229.68135102475446
15_2_2.5,pragmatic,15,2,2.5,-144.38554154246145
15_2_2.5,explicit,15,2,2.5,-256.8891072534063
15_3_0.5,pragmatic,15,3,0.5,-110.54473551910361
15_3_0.5,explicit,15,3,0.5,-183.94245460573657
15_3_0.1,pragmatic,15,3,0.1,-112.88886822422562
15_3_0.1,explicit,15,3,0.1,-179.8136103579562
15_3_1.5,pragmatic,15,3,1.5,-109.1857145858472
15_3_1.5,explicit,15,3,1.5,-208.436247237278
15_3_2.0,pragmatic,15,3,2.0,-112.24415502067376
15_3_2.0,explicit,15,3,2.0,-229.68135102475446
15_3_2.5,pragmatic,15,3,2.5,-118.92203966268495
15_3_2.5,explicit,15,3,2.5,-256.8891072534063
15_4_0.5,pragmatic,15,4,0.5,-114.8387958546302
15_4_0.5,explicit,15,4,0.5,-183.94245460573657
15_4_0.1,pragmatic,15,4,0.1,-117.92422745743912
15_4_0.1,explicit,15,4,0.1,-179.8136103579562
15_4_1.5,pragmatic,15,4,1.5,-109.90476263618231
15_4_1.5,explicit,15,4,1.5,-208.436247237278
15_4_2.0,pragmatic,15,4,2.0,-109.71930445485665
15_4_2.0,explicit,15,4,2.0,-229.68135102475446
15_4_2.5,pragmatic,15,4,2.5,-111.76991365461359
15_4_2.5,explicit,15,4,2.5,-256.8891072534063
15_5_0.5,pragmatic,15,5,0.5,-124.08159570050375
15_5_0.5,explicit,15,5,0.5,-183.94245460573657
15_5_0.1,pragmatic,15,5,0.1,-127.51889681669672
15_5_0.1,explicit,15,5,0.1,-179.8136103579562
15_5_1.5,pragmatic,15,5,1.5,-117.40156496724002
15_5_1.5,explicit,15,5,1.5,-208.436247237278
15_5_2.0,pragmatic,15,5,2.0,-115.56163391074071
15_5_2.0,explicit,15,5,2.0,-229.68135102475446
15_5_2.5,pragmatic,15,5,2.5,-115.1342681769959
15_5_2.5,explicit,15,5,2.5,-256.8891072534063
15_6_0.5,pragmatic,15,6,0.5,-135.79981409786473
15_6_0.5,explicit,15,6,0.5,-183.94245460573657
15_6_0.1,pragmatic,15,6,0.1,-139.41067684390902
15_6_0.1,explicit,15,6,0.1,-179.8136103579562
15_6_1.5,pragmatic,15,6,1.5,-128.24974835201428
15_6_1.5,explicit,15,6,1.5,-208.436247237278
15_6_2.0,pragmatic,15,6,2.0,-125.57010854912531
15_6_2.0,explicit,15,6,2.0,-229.68135102475446
15_6_2.5,pragmatic,15,6,2.5,-123.85250768109826
15_6_2.5,explicit,15,6,2.5,-256.8891072534063
15_7_0.5,pragmatic,15,7,0.5,-148.84176090650573
15_7_0.5,explicit,15,7,0.5,-183.94245460573657
15_7_0.1,pragmatic,15,7,0.1,-152.54559984330396
15_7_0.1,explicit,15,7,0.1,-179.8136103579562
15_7_1.5,pragmatic,15,7,1.5,-140.82991596910261
15_7_1.5,explicit,15,7,1.5,-208.436247237278
15_7_2.0,pragmatic,15,7,2.0,-137.70797505008386
15_7_2.0,explicit,15,7,2.0,-229.68135102475446
15_7_2.5,pragmatic,15,7,2.5,-135.30882566175598
15_7_2.5,explicit,15,7,2.5,-256.8891072534063
16_1_0.5,pragmatic,16,1,0.5,-139.45407820784095
16_1_0.5,explicit,16,1,0.5,-183.94245460573657
16_1_0.1,pragmatic,16,1,0.1,-137.92029661346552
16_1_0.1,explicit,16,1,0.1,-179.8136103579562
16_1_1.5,pragmatic,16,1,1.5,-154.63422410235458
16_1_1.5,explicit,16,1,1.5,-208.436247237278
16_1_2.0,pragmatic,16,1,2.0,-170.29012467467152
16_1_2.0,explicit,16,1,2.0,-229.68135102475446
16_1_2.5,pragmatic,16,1,2.5,-192.07598767669742
16_1_2.5,explicit,16,1,2.5,-256.8891072534063
16_2_0.5,pragmatic,16,2,0.5,-116.267923522356
16_2_0.5,explicit,16,2,0.5,-183.94245460573657
16_2_0.1,pragmatic,16,2,0.1,-117.12448607435132
16_2_0.1,explicit,16,2,0.1,-179.8136103579562
16_2_1.5,pragmatic,16,2,1.5,-121.67030953124112
16_2_1.5,explicit,16,2,1.5,-208.436247237278
16_2_2.0,pragmatic,16,2,2.0,-130.3434604811736
16_2_2.0,explicit,16,2,2.0,-229.68135102475446
16_2_2.5,pragmatic,16,2,2.5,-144.30248620255966
16_2_2.5,explicit,16,2,2.5,-256.8891072534063
16_3_0.5,pragmatic,16,3,0.5,-110.74636179286315
16_3_0.5,explicit,16,3,0.5,-183.94245460573657
16_3_0.1,pragmatic,16,3,0.1,-113.09243123776459
16_3_0.1,explicit,16,3,0.1,-179.8136103579562
16_3_1.5,pragmatic,16,3,1.5,-109.37651594147464
16_3_1.5,explicit,16,3,1.5,-208.436247237278
16_3_2.0,pragmatic,16,3,2.0,-112.42273342089342
16_3_2.0,explicit,16,3,2.0,-229.68135102475446
16_3_2.5,pragmatic,16,3,2.5,-119.07926697929904
16_3_2.5,explicit,16,3,2.5,-256.8891072534063
16_4_0.5,pragmatic,16,4,0.5,-115.29354946181387
16_4_0.5,explicit,16,4,0.5,-183.94245460573657
16_4_0.1,pragmatic,16,4,0.1,-118.37933182837773
16_4_0.1,explicit,16,4,0.1,-179.8136103579562
16_4_1.5,pragmatic,16,4,1.5,-110.35894142713579
16_4_1.5,explicit,16,4,1.5,-208.436247237278
16_4_2.0,pragmatic,16,4,2.0,-110.17304675700831
16_4_2.0,explicit,16,4,2.0,-229.68135102475446
16_4_2.5,pragmatic,16,4,2.5,-112.22138163325542
16_4_2.5,explicit,16,4,2.5,-256.8891072534063
16_5_0.5,pragmatic,16,5,0.5,-124.77630848449824
16_5_0.5,explicit,16,5,0.5,-183.94245460573657
16_5_0.1,pragmatic,16,5,0.1,-128.21409547705468
16_5_0.1,explicit,16,5,0.1,-179.8136103579562
16_5_1.5,pragmatic,16,5,1.5,-118.09728269803203
16_5_1.5,explicit,16,5,1.5,-208.436247237278
16_5_2.0,pragmatic,16,5,2.0,-116.26078843313167
16_5_2.0,explicit,16,5,2.0,-229.68135102475446
16_5_2.5,pragmatic,16,5,2.5,-115.84007986302815
16_5_2.5,explicit,16,5,2.5,-256.8891072534063
16_6_0.5,pragmatic,16,6,0.5,-136.719200854651
16_6_0.5,explicit,16,6,0.5,-183.94245460573657
16_6_0.1,pragmatic,16,6,0.1,-140.33152244369805
16_6_0.1,explicit,16,6,0.1,-179.8136103579562
16_6_1.5,pragmatic,16,6,1.5,-129.1669283994486
16_6_1.5,explicit,16,6,1.5,-208.436247237278
16_6_2.0,pragmatic,16,6,2.0,-126.48912672146879
16_6_2.0,explicit,16,6,2.0,-229.68135102475446
16_6_2.5,pragmatic,16,6,2.5,-124.77742088302917
16_6_2.5,explicit,16,6,2.5,-256.8891072534063
16_7_0.5,pragmatic,16,7,0.5,-149.9712252091905
16_7_0.5,explicit,16,7,0.5,-183.94245460573657
16_7_0.1,pragmatic,16,7,0.1,-153.6776265788139
16_7_0.1,explicit,16,7,0.1,-179.8136103579562
16_7_1.5,pragmatic,16,7,1.5,-141.95306135417556
16_7_1.5,explicit,16,7,1.5,-208.436247237278
16_7_2.0,pragmatic,16,7,2.0,-138.8300707015735
16_7_2.0,explicit,16,7,2.0,-229.68135102475446
16_7_2.5,pragmatic,16,7,2.5,-136.43323595826766
16_7_2.5,explicit,16,7,2.5,-256.8891072534063
17_1_0.5,pragmatic,17,1,0.5,-139.34311142016145
17_1_0.5,explicit,17,1,0.5,-183.94245460573657
17_1_0.1,pragmatic,17,1,0.1,-137.8085325730181
17_1_0.1,explicit,17,1,0.1,-179.8136103579562
17_1_1.5,pragmatic,17,1,1.5,-154.52556004068984
17_1_1.5,explicit,17,1,1.5,-208.436247237278
17_1_2.0,pragmatic,17,1,2.0,-170.18244458228813
17_1_2.0,explicit,17,1,2.0,-229.68135102475446
17_1_2.5,pragmatic,17,1,2.5,-191.96898760583642
17_1_2.5,explicit,17,1,2.5,-256.8891072534063
17_2_0.5,pragmatic,17,2,0.5,-116.24015098074216
17_2_0.5,explicit,17,2,0.5,-183.94245460573657
17_2_0.1,pragmatic,17,2,0.1,-117.09963952381852
17_2_0.1,explicit,17,2,0.1,-179.8136103579562
17_2_1.5,pragmatic,17,2,1.5,-121.62760914472392
17_2_1.5,explicit,17,2,1.5,-208.436247237278
17_2_2.0,pragmatic,17,2,2.0,-130.2869026624453
17_2_2.0,explicit,17,2,2.0,-229.68135102475446
17_2_2.5,pragmatic,17,2,2.5,-144.2267724663095
17_2_2.5,explicit,17,2,2.5,-256.8891072534063
17_3_0.5,pragmatic,17,3,0.5,-110.92498956426374
17_3_0.5,explicit,17,3,0.5,-183.94245460573657
17_3_0.1,pragmatic,17,3,0.1,-113.27286330717935
17_3_0.1,explicit,17,3,0.1,-179.8136103579562
17_3_1.5,pragmatic,17,3,1.5,-109.5452105136683
17_3_1.5,explicit,17,3,1.5,-208.436247237278
17_3_2.0,pragmatic,17,3,2.0,-112.58033902912308
17_3_2.0,explicit,17,3,2.0,-229.68135102475446
17_3_2.5,pragmatic,17,3,2.5,-119.21760448107125
17_3_2.5,explicit,17,3,2.5,-256.8891072534063
17_4_0.5,pragmatic,17,4,0.5,-115.69604703696969
17_4_0.5,explicit,17,4,0.5,-183.94245460573657
17_4_0.1,pragmatic,17,4,0.1,-118.78221156870427
17_4_0.1,explicit,17,4,0.1,-179.8136103579562
17_4_1.5,pragmatic,17,4,1.5,-110.76071223655116
17_4_1.5,explicit,17,4,1.5,-208.436247237278
17_4_2.0,pragmatic,17,4,2.0,-110.57432617906522
17_4_2.0,explicit,17,4,2.0,-229.68135102475446
17_4_2.5,pragmatic,17,4,2.5,-112.62056476951439
17_4_2.5,explicit,17,4,2.5,-256.8891072534063
17_5_0.5,pragmatic,17,5,0.5,-125.39089458894193
17_5_0.5,explicit,17,5,0.5,-183.94245460573657
17_5_0.1,pragmatic,17,5,0.1,-128.82921439444732
17_5_0.1,explicit,17,5,0.1,-179.8136103579562
17_5_1.5,pragmatic,17,5,1.5,-118.71244195820238
17_5_1.5,explicit,17,5,1.5,-208.436247237278
17_5_2.0,pragmatic,17,5,2.0,-116.87884121340288
17_5_2.0,explicit,17,5,2.0,-229.68135102475446
17_5_2.5,pragmatic,17,5,2.5,-116.4639160913169
17_5_2.5,explicit,17,5,2.5,-256.8891072534063
17_6_0.5,pragmatic,17,6,0.5,-137.53209973845284
17_6_0.5,explicit,17,6,0.5,-183.94245460573657
17_6_0.1,pragmatic,17,6,0.1,-141.14585402033586
17_6_0.1,explicit,17,6,0.1,-179.8136103579562
17_6_1.5,pragmatic,17,6,1.5,-129.9774188006986
17_6_1.5,explicit,17,6,1.5,-208.436247237278
17_6_2.0,pragmatic,17,6,2.0,-127.30101677766253
17_6_2.0,explicit,17,6,2.0,-229.68135102475446
17_6_2.5,pragmatic,17,6,2.5,-125.59434638407416
17_6_2.5,explicit,17,6,2.5,-256.8891072534063
17_7_0.5,pragmatic,17,7,0.5,-150.96922130643725
17_7_0.5,explicit,17,7,0.5,-183.94245460573657
17_7_0.1,pragmatic,17,7,0.1,-154.67806144825323
17_7_0.1,explicit,17,7,0.1,-179.8136103579562
17_7_1.5,pragmatic,17,7,1.5,-142.94489619910118
17_7_1.5,explicit,17,7,1.5,-208.436247237278
17_7_2.0,pragmatic,17,7,2.0,-139.82068240085442
17_7_2.0,explicit,17,7,2.0,-229.68135102475446
17_7_2.5,pragmatic,17,7,2.5,-137.42565580188045
17_7_2.5,explicit,17,7,2.5,-256.8891072534063
18_1_0.5,pragmatic,18,1,0.5,-139.2430371864281
18_1_0.5,explicit,18,1,0.5,-183.94245460573657
18_1_0.1,pragmatic,18,1,0.1,-137.70791112758494
18_1_0.1,explicit,18,1,0.1,-179.8136103579562
18_1_1.5,pragmatic,18,1,1.5,-154.4269560217844
18_1_1.5,explicit,18,1,1.5,-208.436247237278
18_1_2.0,pragmatic,18,1,2.0,-170.08436900740992
18_1_2.0,explicit,18,1,2.0,-229.68135102475446
18_1_2.5,pragmatic,18,1,2.5,-191.87117917258934
18_1_2.5,explicit,18,1,2.5,-256.8891072534063
18_2_0.5,pragmatic,18,2,0.5,-116.21390280299975
18_2_0.5,explicit,18,2,0.5,-183.94245460573657
18_2_0.1,pragmatic,18,2,0.1,-117.07617283835037
18_2_0.1,explicit,18,2,0.1,-179.8136103579562
18_2_1.5,pragmatic,18,2,1.5,-121.58733430788186
18_2_1.5,explicit,18,2,1.5,-208.436247237278
18_2_2.0,pragmatic,18,2,2.0,-130.23373394961538
18_2_2.0,explicit,18,2,2.0,-229.68135102475446
18_2_2.5,pragmatic,18,2,2.5,-144.15587967359315
18_2_2.5,explicit,18,2,2.5,-256.8891072534063
18_3_0.5,pragmatic,18,3,0.5,-111.08228941854173
18_3_0.5,explicit,18,3,0.5,-183.94245460573657
18_3_0.1,pragmatic,18,3,0.1,-113.4318606815305
18_3_0.1,explicit,18,3,0.1,-179.8136103579562
18_3_1.5,pragmatic,18,3,1.5,-109.69327190169771
18_3_1.5,explicit,18,3,1.5,-208.436247237278
18_3_2.0,pragmatic,18,3,2.0,-112.71820015357387
18_3_2.0,explicit,18,3,2.0,-229.68135102475446
18_3_2.5,pragmatic,18,3,2.5,-119.33786380623732
18_3_2.5,explicit,18,3,2.5,-256.8891072534063
18_4_0.5,pragmatic,18,4,0.5,-116.05210058258119
18_4_0.5,explicit,18,4,0.5,-183.94245460573657
18_4_0.1,pragmatic,18,4,0.1,-119.1386682638863
18_4_0.1,explicit,18,4,0.1,-179.8136103579562
18_4_1.5,pragmatic,18,4,1.5,-111.11586639398321
18_4_1.5,explicit,18,4,1.5,-208.436247237278
18_4_2.0,pragmatic,18,4,2.0,-110.92884947552356
18_4_2.0,explicit,18,4,2.0,-229.68135102475446
18_4_2.5,pragmatic,18,4,2.5,-112.97297612754659
18_4_2.5,explicit,18,4,2.5,-256.8891072534063
18_5_0.5,pragmatic,18,5,0.5,-125.9350678691151
18_5_0.5,explicit,18,5,0.5,-183.94245460573657
18_5_0.1,pragmatic,18,5,0.1,-129.37393551162143
18_5_0.1,explicit,18,5,0.1,-179.8136103579562
18_5_1.5,pragmatic,18,5,1.5,-119.25685201348256
18_5_1.5,explicit,18,5,1.5,-208.436247237278
18_5_2.0,pragmatic,18,5,2.0,-117.425635829922
18_5_2.0,explicit,18,5,2.0,-229.68135102475446
18_5_2.5,pragmatic,18,5,2.5,-117.01562101475977
18_5_2.5,explicit,18,5,2.5,-256.8891072534063
18_6_0.5,pragmatic,18,6,0.5,-138.25189448313148
18_6_0.5,explicit,18,6,0.5,-183.94245460573657
18_6_0.1,pragmatic,18,6,0.1,-141.86701949797194
18_6_0.1,explicit,18,6,0.1,-179.8136103579562
18_6_1.5,pragmatic,18,6,1.5,-130.69473375076998
18_6_1.5,explicit,18,6,1.5,-208.436247237278
18_6_2.0,pragmatic,18,6,2.0,-128.01936835105823
18_6_2.0,explicit,18,6,2.0,-229.68135102475446
18_6_2.5,pragmatic,18,6,2.5,-126.3169422157474
18_6_2.5,explicit,18,6,2.5,-256.8891072534063
18_7_0.5,pragmatic,18,7,0.5,-151.85265651891612
18_7_0.5,explicit,18,7,0.5,-183.94245460573657
18_7_0.1,pragmatic,18,7,0.1,-155.56378422002655
18_7_0.1,explicit,18,7,0.1,-179.8136103579562
18_7_1.5,pragmatic,18,7,1.5,-143.82244591220103
18_7_1.5,explicit,18,7,1.5,-208.436247237278
18_7_2.0,pragmatic,18,7,2.0,-140.6969139052228
18_7_2.0,explicit,18,7,2.0,-229.68135102475446
18_7_2.5,pragmatic,18,7,2.5,-138.30326593979584
18_7_2.5,explicit,18,7,2.5,-256.8891072534063
19_1_0.5,pragmatic,19,1,0.5,-139.15181246211074
19_1_0.5,explicit,19,1,0.5,-183.94245460573657
19_1_0.1,pragmatic,19,1,0.1,-137.6163319546062
19_1_0.1,explicit,19,1,0.1,-179.8136103579562
19_1_1.5,pragmatic,19,1,1.5,-154.3365660120974
19_1_1.5,explicit,19,1,1.5,-208.436247237278
19_1_2.0,pragmatic,19,1,2.0,-169.99416390555038
19_1_2.0,explicit,19,1,2.0,-229.68135102475446
19_1_2.5,pragmatic,19,1,2.5,-191.7809325483571
19_1_2.5,explicit,19,1,2.5,-256.8891072534063
19_2_0.5,pragmatic,19,2,0.5,-116.18819209561937
19_2_0.5,explicit,19,2,0.5,-183.94245460573657
19_2_0.1,pragmatic,19,2,0.1,-117.05310320458862
19_2_0.1,explicit,19,2,0.1,-179.8136103579562
19_2_1.5,pragmatic,19,2,1.5,-121.54842986585574
19_2_1.5,explicit,19,2,1.5,-208.436247237278
19_2_2.0,pragmatic,19,2,2.0,-130.18280131824005
19_2_2.0,explicit,19,2,2.0,-229.68135102475446
19_2_2.5,pragmatic,19,2,2.5,-144.088495040616
19_2_2.5,explicit,19,2,2.5,-256.8891072534063
19_3_0.5,pragmatic,19,3,0.5,-111.22039076649192
19_3_0.5,explicit,19,3,0.5,-183.94245460573657
19_3_0.1,pragmatic,19,3,0.1,-113.57156051366286
19_3_0.1,explicit,19,3,0.1,-179.8136103579562
19_3_1.5,pragmatic,19,3,1.5,-109.82273613803692
19_3_1.5,explicit,19,3,1.5,-208.436247237278
19_3_2.0,pragmatic,19,3,2.0,-112.83821296741584
19_3_2.0,explicit,19,3,2.0,-229.68135102475446
19_3_2.5,pragmatic,19,3,2.5,-119.44168002184306
19_3_2.5,explicit,19,3,2.5,-256.8891072534063
19_4_0.5,pragmatic,19,4,0.5,-116.36733282827491
19_4_0.5,explicit,19,4,0.5,-183.94245460573657
19_4_0.1,pragmatic,19,4,0.1,-119.45430978952517
19_4_0.1,explicit,19,4,0.1,-179.8136103579562
19_4_1.5,pragmatic,19,4,1.5,-111.43005779230155
19_4_1.5,explicit,19,4,1.5,-208.436247237278
19_4_2.0,pragmatic,19,4,2.0,-111.2422585955766
19_4_2.0,explicit,19,4,2.0,-229.68135102475446
19_4_2.5,pragmatic,19,4,2.5,-113.28418995809544
19_4_2.5,explicit,19,4,2.5,-256.8891072534063
19_5_0.5,pragmatic,19,5,0.5,-126.41775123489244
19_5_0.5,explicit,19,5,0.5,-183.94245460573657
19_5_0.1,pragmatic,19,5,0.1,-129.85715731769585
19_5_0.1,explicit,19,5,0.1,-179.8136103579562
19_5_1.5,pragmatic,19,5,1.5,-119.73952910023549
19_5_1.5,explicit,19,5,1.5,-208.436247237278
19_5_2.0,pragmatic,19,5,2.0,-117.91025137015083
19_5_2.0,explicit,19,5,2.0,-229.68135102475446
19_5_2.5,pragmatic,19,5,2.5,-117.50434373362253
19_5_2.5,explicit,19,5,2.5,-256.8891072534063
19_6_0.5,pragmatic,19,6,0.5,-138.8906185028574
19_6_0.5,explicit,19,6,0.5,-183.94245460573657
19_6_0.1,pragmatic,19,6,0.1,-142.50702991389983
19_6_0.1,explicit,19,6,0.1,-179.8136103579562
19_6_1.5,pragmatic,19,6,1.5,-131.33100275588396
19_6_1.5,explicit,19,6,1.5,-208.436247237278
19_6_2.0,pragmatic,19,6,2.0,-128.6563843163019
19_6_2.0,explicit,19,6,2.0,-229.68135102475446
19_6_2.5,pragmatic,19,6,2.5,-126.9575062018795
19_6_2.5,explicit,19,6,2.5,-256.8891072534063
19_7_0.5,pragmatic,19,7,0.5,-152.6365319168641
19_7_0.5,explicit,19,7,0.5,-183.94245460573657
19_7_0.1,pragmatic,19,7,0.1,-156.34978193711373
19_7_0.1,explicit,19,7,0.1,-179.8136103579562
19_7_1.5,pragmatic,19,7,1.5,-144.60078497580207
19_7_1.5,explicit,19,7,1.5,-208.436247237278
19_7_2.0,pragmatic,19,7,2.0,-141.4739001495861
19_7_2.0,explicit,19,7,2.0,-229.68135102475446
19_7_2.5,pragmatic,19,7,2.5,-139.08127873648803
19_7_2.5,explicit,19,7,2.5,-256.8891072534063
