configuration,questionerType,alpha_q,alpha_a,beta,likelihood
3_1_0.5,pragmatic,3,1,0.5,-146.24952706009583
3_1_0.5,explicit,3,1,0.5,-148.71456941335515
3_1_0.1,pragmatic,3,1,0.1,-146.37342671537562
3_1_0.1,explicit,3,1,0.1,-149.00328912861585
3_1_1.5,pragmatic,3,1,1.5,-145.89700846120004
3_1_1.5,explicit,3,1,1.5,-147.76885270146542
3_1_2.0,pragmatic,3,1,2.0,-145.75476691898433
3_1_2.0,explicit,3,1,2.0,-147.26327577076196
3_1_2.5,pragmatic,3,1,2.5,-145.66647382640286
3_1_2.5,explicit,3,1,2.5,-146.81272145173787
3_2_0.5,pragmatic,3,2,0.5,-143.0509567585084
3_2_0.5,explicit,3,2,0.5,-148.27149881796944
3_2_0.1,pragmatic,3,2,0.1,-143.1728795965724
3_2_0.1,explicit,3,2,0.1,-148.93702965616703
3_2_1.5,pragmatic,3,2,1.5,-143.8239762780982
3_2_1.5,explicit,3,2,1.5,-146.45247091231622
3_2_2.0,pragmatic,3,2,2.0,-144.66809068126614
3_2_2.0,explicit,3,2,2.0,-146.00732663764762
3_2_2.5,pragmatic,3,2,2.5,-145.23729742429106
3_2_2.5,explicit,3,2,2.5,-145.81247276832926
3_3_0.5,pragmatic,3,3,0.5,-140.052159155131
3_3_0.5,explicit,3,3,0.5,-147.76885270146542
3_3_0.1,pragmatic,3,3,0.1,-140.3326182833569
3_3_0.1,explicit,3,3,0.1,-148.8668048827704
3_3_1.5,pragmatic,3,3,1.5,-143.47206388982391
3_3_1.5,explicit,3,3,1.5,-145.88832965930573
3_3_2.0,pragmatic,3,3,2.0,-145.04204531574646
3_3_2.0,explicit,3,3,2.0,-145.73569441450377
3_3_2.5,pragmatic,3,3,2.5,-145.53444448584247
3_3_2.5,explicit,3,3,2.5,-145.70000991197924
3_4_0.5,pragmatic,3,4,0.5,-137.62043909389735
3_4_0.5,explicit,3,4,0.5,-147.26327577076196
3_4_0.1,pragmatic,3,4,0.1,-138.30785327254938
3_4_0.1,explicit,3,4,0.1,-148.79263137565073
3_4_1.5,pragmatic,3,4,1.5,-143.89694820839696
3_4_1.5,explicit,3,4,1.5,-145.73569441450377
3_4_2.0,pragmatic,3,4,2.0,-145.3985301499188
3_4_2.0,explicit,3,4,2.0,-145.6959380302722
3_4_2.5,pragmatic,3,4,2.5,-145.6491296175326
3_4_2.5,explicit,3,4,2.5,-145.69049822674393
3_5_0.5,pragmatic,3,5,0.5,-135.792193101783
3_5_0.5,explicit,3,5,0.5,-146.81272145173787
3_5_0.1,pragmatic,3,5,0.1,-137.01142348243437
3_5_0.1,explicit,3,5,0.1,-148.71456941335515
3_5_1.5,pragmatic,3,5,1.5,-144.4132437825836
3_5_1.5,explicit,3,5,1.5,-145.70000991197924
3_5_2.0,pragmatic,3,5,2.0,-145.57072688334355
3_5_2.0,explicit,3,5,2.0,-145.69049822674393
3_5_2.5,pragmatic,3,5,2.5,-145.6797725358041
3_5_2.5,explicit,3,5,2.5,-145.68971551513744
3_6_0.5,pragmatic,3,6,0.5,-134.45141016901002
3_6_0.5,explicit,3,6,0.5,-146.45247091231622
3_6_0.1,pragmatic,3,6,0.1,-136.20279123913818
3_6_0.1,explicit,3,6,0.1,-148.63272677746352
3_6_1.5,pragmatic,3,6,1.5,-144.82194752562708
3_6_1.5,explicit,3,6,1.5,-145.69196262120886
3_6_2.0,pragmatic,3,6,2.0,-145.64241298225903
3_6_2.0,explicit,3,6,2.0,-145.68976093005574
3_6_2.5,pragmatic,3,6,2.5,-145.6872828054433
3_6_2.5,explicit,3,6,2.5,-145.68965125311883
3_7_0.5,pragmatic,3,7,0.5,-133.46501102587703
3_7_0.5,explicit,3,7,0.5,-146.18855517789714
3_7_0.1,pragmatic,3,7,0.1,-135.68638211311477
3_7_0.1,explicit,3,7,0.1,-148.54726168001645
3_7_1.5,pragmatic,3,7,1.5,-145.1093419781356
3_7_1.5,explicit,3,7,1.5,-145.6901627493057
3_7_2.0,pragmatic,3,7,2.0,-145.67098247603252
3_7_2.0,explicit,3,7,2.0,-145.6896611276342
3_7_2.5,pragmatic,3,7,2.5,-145.68908081335067
3_7_2.5,explicit,3,7,2.5,-145.68964597808255
4_1_0.5,pragmatic,4,1,0.5,-136.49522309395456
4_1_0.5,explicit,4,1,0.5,-140.6484931032514
4_1_0.1,pragmatic,4,1,0.1,-136.5399880746802
4_1_0.1,explicit,4,1,0.1,-140.94330942228498
4_1_1.5,pragmatic,4,1,1.5,-136.47825810984725
4_1_1.5,explicit,4,1,1.5,-139.6977497058779
4_1_2.0,pragmatic,4,1,2.0,-136.57566077444642
4_1_2.0,explicit,4,1,2.0,-139.19906795155978
4_1_2.5,pragmatic,4,1,2.5,-136.74721675868372
4_1_2.5,explicit,4,1,2.5,-138.76039762737383
4_2_0.5,pragmatic,4,2,0.5,-131.48422719891403
4_2_0.5,explicit,4,2,0.5,-140.200191744426
4_2_0.1,pragmatic,4,2,0.1,-131.3842270866242
4_2_0.1,explicit,4,2,0.1,-140.87546484207255
4_2_1.5,pragmatic,4,2,1.5,-133.81610853250382
4_2_1.5,explicit,4,2,1.5,-138.41358884199929
4_2_2.0,pragmatic,4,2,2.0,-135.60632752675247
4_2_2.0,explicit,4,2,2.0,-137.98994079642694
4_2_2.5,pragmatic,4,2,2.5,-136.77260959361618
4_2_2.5,explicit,4,2,2.5,-137.80620931909405
4_3_0.5,pragmatic,4,3,0.5,-127.0471652770687
4_3_0.5,explicit,4,3,0.5,-139.6977497058779
4_3_0.1,pragmatic,4,3,0.1,-127.091070923112
4_3_0.1,explicit,4,3,0.1,-140.80368079146785
4_3_1.5,pragmatic,4,3,1.5,-133.58322361375733
4_3_1.5,explicit,4,3,1.5,-137.87761177341238
4_3_2.0,pragmatic,4,3,2.0,-136.47309981632714
4_3_2.0,explicit,4,3,2.0,-137.73410140166257
4_3_2.5,pragmatic,4,3,2.5,-137.39760353509345
4_3_2.5,explicit,4,3,2.5,-137.7006430977589
4_4_0.5,pragmatic,4,4,0.5,-123.71054176478356
4_4_0.5,explicit,4,4,0.5,-139.19906795155978
4_4_0.1,pragmatic,4,4,0.1,-124.25896727966177
4_4_0.1,explicit,4,4,0.1,-140.72799556353266
4_4_1.5,pragmatic,4,4,1.5,-134.38745131375507
4_4_1.5,explicit,4,4,1.5,-137.73410140166257
4_4_2.0,pragmatic,4,4,2.0,-137.1433597202447
4_4_2.0,explicit,4,4,2.0,-137.69682748342527
4_4_2.5,pragmatic,4,4,2.5,-137.61446246231418
4_4_2.5,explicit,4,4,2.5,-137.6917307549698
4_5_0.5,pragmatic,4,5,0.5,-121.3911654122814
4_5_0.5,explicit,4,5,0.5,-138.76039762737383
4_5_0.1,pragmatic,4,5,0.1,-122.57764515336436
4_5_0.1,explicit,4,5,0.1,-140.6484931032514
4_5_1.5,pragmatic,4,5,1.5,-135.29512197394808
4_5_1.5,explicit,4,5,1.5,-137.7006430977589
4_5_2.0,pragmatic,4,5,2.0,-137.4636434949974
4_5_2.0,explicit,4,5,2.0,-137.6917307549698
4_5_2.5,pragmatic,4,5,2.5,-137.672029294618
4_5_2.5,explicit,4,5,2.5,-137.69099747450113
4_6_0.5,pragmatic,4,6,0.5,-119.80390625695578
4_6_0.5,explicit,4,6,0.5,-138.41358884199929
4_6_0.1,pragmatic,4,6,0.1,-121.589551981423
4_6_0.1,explicit,4,6,0.1,-140.56530639972425
4_6_1.5,pragmatic,4,6,1.5,-136.0247702866983
4_6_1.5,explicit,4,6,1.5,-137.69310271306213
4_6_2.0,pragmatic,4,6,2.0,-137.59891267206254
4_6_2.0,explicit,4,6,2.0,-137.69104002083532
4_6_2.5,pragmatic,4,6,2.5,-137.68632512099336
4_6_2.5,explicit,4,6,2.5,-137.6909372716207
4_7_0.5,pragmatic,4,7,0.5,-118.69502974104792
4_7_0.5,explicit,4,7,0.5,-138.1617625894166
4_7_0.1,pragmatic,4,7,0.1,-120.97848334198592
4_7_0.1,explicit,4,7,0.1,-140.4786198859973
4_7_1.5,pragmatic,4,7,1.5,-136.55207731152998
4_7_1.5,explicit,4,7,1.5,-137.69141646209698
4_7_2.0,pragmatic,4,7,2.0,-137.65388480452222
4_7_2.0,explicit,4,7,2.0,-137.69094652240054
4_7_2.5,pragmatic,4,7,2.5,-137.68981052096504
4_7_2.5,explicit,4,7,2.5,-137.69093232978935
5_1_0.5,pragmatic,5,1,0.5,-128.32354696337282
5_1_0.5,explicit,5,1,0.5,-134.18411675883078
5_1_0.1,pragmatic,5,1,0.1,-128.26076725076175
5_1_0.1,explicit,5,1,0.1,-134.4527813655805
5_1_1.5,pragmatic,5,1,1.5,-128.7352394611611
5_1_1.5,explicit,5,1,1.5,-133.3318205151268
5_1_2.0,pragmatic,5,1,2.0,-129.12296264190184
5_1_2.0,explicit,5,1,2.0,-132.89347013729733
5_1_2.5,pragmatic,5,1,2.5,-129.60131098608295
5_1_2.5,explicit,5,1,2.5,-132.51284877886175
5_2_0.5,pragmatic,5,2,0.5,-121.67710400599024
5_2_0.5,explicit,5,2,0.5,-133.77953945014426
5_2_0.1,pragmatic,5,2,0.1,-121.34127403994079
5_2_0.1,explicit,5,2,0.1,-134.3907728960208
5_2_1.5,pragmatic,5,2,1.5,-125.54097596113238
5_2_1.5,explicit,5,2,1.5,-132.21523556197616
5_2_2.0,pragmatic,5,2,2.0,-128.32167011728976
5_2_2.0,explicit,5,2,2.0,-131.85563562023245
5_2_2.5,pragmatic,5,2,2.5,-130.14969971469804
5_2_2.5,explicit,5,2,2.5,-131.70102888559285
5_3_0.5,pragmatic,5,3,0.5,-116.21048268598054
5_3_0.5,explicit,5,3,0.5,-133.3318205151268
5_3_0.1,pragmatic,5,3,0.1,-116.03880678860864
5_3_0.1,explicit,5,3,0.1,-134.32528219438365
5_3_1.5,pragmatic,5,3,1.5,-125.34133582430935
5_3_1.5,explicit,5,3,1.5,-131.76101611210956
5_3_2.0,pragmatic,5,3,2.0,-129.69190511871432
5_3_2.0,explicit,5,3,2.0,-131.64057351922696
5_3_2.5,pragmatic,5,3,2.5,-131.1394439087318
5_3_2.5,explicit,5,3,2.5,-131.61256450149688
5_4_0.5,pragmatic,5,4,0.5,-112.44195175496837
5_4_0.5,explicit,5,4,0.5,-132.89347013729733
5_4_0.1,pragmatic,5,4,0.1,-112.83469252349121
5_4_0.1,explicit,5,4,0.1,-134.2563643471926
5_4_1.5,pragmatic,5,4,1.5,-126.43388205327274
5_4_1.5,explicit,5,4,1.5,-131.64057351922696
5_4_2.0,pragmatic,5,4,2.0,-130.71706143187973
5_4_2.0,explicit,5,4,2.0,-131.60937203733522
5_4_2.5,pragmatic,5,4,2.5,-131.47978169472736
5_4_2.5,explicit,5,4,2.5,-131.60510823087043
5_5_0.5,pragmatic,5,5,0.5,-110.01627028088615
5_5_0.5,explicit,5,5,0.5,-132.51284877886175
5_5_0.1,pragmatic,5,5,0.1,-111.05186805215604
5_5_0.1,explicit,5,5,0.1,-134.18411675883078
5_5_1.5,pragmatic,5,5,1.5,-127.70402561080519
5_5_1.5,explicit,5,5,1.5,-131.61256450149688
5_5_2.0,pragmatic,5,5,2.0,-131.22240409188097
5_5_2.0,explicit,5,5,2.0,-131.60510823087043
5_5_2.5,pragmatic,5,5,2.5,-131.5725696279087
5_5_2.5,explicit,5,5,2.5,-131.60449483654784
5_6_0.5,pragmatic,5,6,0.5,-108.44906147266718
5_6_0.5,explicit,5,6,0.5,-132.21523556197616
5_6_0.1,pragmatic,5,6,0.1,-110.03789481897132
5_6_0.1,explicit,5,6,0.1,-134.1086817419387
5_6_1.5,pragmatic,5,6,1.5,-128.77810593019814
5_6_1.5,explicit,5,6,1.5,-131.60625591825413
5_6_2.0,pragmatic,5,6,2.0,-131.44410848968545
5_6_2.0,explicit,5,6,2.0,-131.6045304265059
5_6_2.5,pragmatic,5,6,2.5,-131.59640119261152
5_6_2.5,explicit,5,6,2.5,-131.6044444769841
5_7_0.5,pragmatic,5,7,0.5,-107.39650096028154
5_7_0.5,explicit,5,7,0.5,-132.00095772327523
5_7_0.1,pragmatic,5,7,0.1,-109.41445808020659
5_7_0.1,explicit,5,7,0.1,-134.0302481067397
5_7_1.5,pragmatic,5,7,1.5,-129.59544565215836
5_7_1.5,explicit,5,7,1.5,-131.60484532106742
5_7_2.0,pragmatic,5,7,2.0,-131.53765676427102
5_7_2.0,explicit,5,7,2.0,-131.60445221523358
5_7_2.5,pragmatic,5,7,2.5,-131.60241708306785
5_7_2.5,explicit,5,7,2.5,-131.60444034315825
6_1_0.5,pragmatic,6,1,0.5,-121.64436120634338
6_1_0.5,explicit,6,1,0.5,-129.07971065697905
6_1_0.1,pragmatic,6,1,0.1,-121.47213268094737
6_1_0.1,explicit,6,1,0.1,-129.30717043239943
6_1_1.5,pragmatic,6,1,1.5,-122.48180009730021
6_1_1.5,explicit,6,1,1.5,-128.36853666018646
6_1_2.0,pragmatic,6,1,2.0,-123.1530829572029
6_1_2.0,explicit,6,1,2.0,-128.0088468181264
6_1_2.5,pragmatic,6,1,2.5,-123.93001321704837
6_1_2.5,explicit,6,1,2.5,-127.69979692469552
6_2_0.5,pragmatic,6,2,0.5,-113.69035987694787
6_2_0.5,explicit,6,2,0.5,-128.74015846453008
6_2_0.1,pragmatic,6,2,0.1,-113.16763748672423
6_2_0.1,explicit,6,2,0.1,-129.25453179402237
6_2_1.5,pragmatic,6,2,1.5,-118.78760087471481
6_2_1.5,explicit,6,2,1.5,-127.46021397249186
6_2_2.0,pragmatic,6,2,2.0,-122.47755679939971
6_2_2.0,explicit,6,2,2.0,-127.17308131063817
6_2_2.5,pragmatic,6,2,2.5,-124.96181561466555
6_2_2.5,explicit,6,2,2.5,-127.05039958985466
6_3_0.5,pragmatic,6,3,0.5,-107.66197006353164
6_3_0.5,explicit,6,3,0.5,-128.36853666018646
6_3_0.1,pragmatic,6,3,0.1,-107.36234816245394
6_3_0.1,explicit,6,3,0.1,-129.1990286012762
6_3_1.5,pragmatic,6,3,1.5,-118.51349507505734
6_3_1.5,explicit,6,3,1.5,-127.09794608948106
6_3_2.0,pragmatic,6,3,2.0,-124.29845065691423
6_3_2.0,explicit,6,3,2.0,-127.00255047247258
6_3_2.5,pragmatic,6,3,2.5,-126.3161533149461
6_3_2.5,explicit,6,3,2.5,-126.98040506687414
6_4_0.5,pragmatic,6,4,0.5,-103.85785343550378
6_4_0.5,explicit,6,4,0.5,-128.0088468181264
6_4_0.1,pragmatic,6,4,0.1,-104.1562015922093
6_4_0.1,explicit,6,4,0.1,-129.14072235010758
6_4_1.5,pragmatic,6,4,1.5,-119.76320063941978
6_4_1.5,explicit,6,4,1.5,-127.00255047247258
6_4_2.0,pragmatic,6,4,2.0,-125.68410937736981
6_4_2.0,explicit,6,4,2.0,-126.97788186211653
6_4_2.5,pragmatic,6,4,2.5,-126.79147246964415
6_4_2.5,explicit,6,4,2.5,-126.97451220324051
6_5_0.5,pragmatic,6,5,0.5,-101.58335661334057
6_5_0.5,explicit,6,5,0.5,-127.69979692469552
6_5_0.1,pragmatic,6,5,0.1,-102.48857317749
6_5_0.1,explicit,6,5,0.1,-129.07971065697905
6_5_1.5,pragmatic,6,5,1.5,-121.30676045320745
6_5_1.5,explicit,6,5,1.5,-126.98040506687414
6_5_2.0,pragmatic,6,5,2.0,-126.39628375462658
6_5_2.0,explicit,6,5,2.0,-126.97451220324051
6_5_2.5,pragmatic,6,5,2.5,-126.92560030814745
6_5_2.5,explicit,6,5,2.5,-126.9740274693876
6_6_0.5,pragmatic,6,6,0.5,-100.19861186530105
6_6_0.5,explicit,6,6,0.5,-127.46021397249186
6_6_0.1,pragmatic,6,6,0.1,-101.58299284167066
6_6_0.1,explicit,6,6,0.1,-129.0161290417556
6_6_1.5,pragmatic,6,6,1.5,-122.68823199423726
6_6_1.5,explicit,6,6,1.5,-126.97541918004487
6_6_2.0,pragmatic,6,6,2.0,-126.72213359455523
6_6_2.0,explicit,6,6,2.0,-126.9740555941026
6_6_2.5,pragmatic,6,6,2.5,-126.96133109287666
6_6_2.5,explicit,6,6,2.5,-126.97398767313517
6_7_0.5,pragmatic,6,7,0.5,-99.31652868659624
6_7_0.5,explicit,6,7,0.5,-127.28881337332491
6_7_0.1,pragmatic,6,7,0.1,-101.04170997188626
6_7_0.1,explicit,6,7,0.1,-128.95015179984688
6_7_1.5,pragmatic,6,7,1.5,-123.7979382170877
6_7_1.5,explicit,6,7,1.5,-126.97430443834746
6_7_2.0,pragmatic,6,7,2.0,-126.86520279090729
6_7_2.0,explicit,6,7,2.0,-126.97399378822338
6_7_2.5,pragmatic,6,7,2.5,-126.9706857576342
6_7_2.5,explicit,6,7,2.5,-126.97398440641355
7_1_0.5,pragmatic,7,1,0.5,-116.2125675134101
7_1_0.5,explicit,7,1,0.5,-125.0451418481119
7_1_0.1,pragmatic,7,1,0.1,-115.9447202924707
7_1_0.1,explicit,7,1,0.1,-125.22972242712916
7_1_1.5,pragmatic,7,1,1.5,-117.42067761502105
7_1_1.5,explicit,7,1,1.5,-124.47411025748836
7_1_2.0,pragmatic,7,1,2.0,-118.34021640728464
7_1_2.0,explicit,7,1,2.0,-124.1885750961544
7_1_2.5,pragmatic,7,1,2.5,-119.3813850128716
7_1_2.5,explicit,7,1,2.5,-123.94482511419739
7_2_0.5,pragmatic,7,2,0.5,-107.29696488198965
7_2_0.5,explicit,7,2,0.5,-124.77138140499096
7_2_0.1,pragmatic,7,2,0.1,-106.65698444227607
7_2_0.1,explicit,7,2,0.1,-125.18692008476745
7_2_1.5,pragmatic,7,2,1.5,-113.25296528621031
7_2_1.5,explicit,7,2,1.5,-123.75678016641429
7_2_2.0,pragmatic,7,2,2.0,-117.71637626064324
7_2_2.0,explicit,7,2,2.0,-123.53235116540122
7_2_2.5,pragmatic,7,2,2.5,-120.81461932622487
7_2_2.5,explicit,7,2,2.5,-123.4367373087814
7_3_0.5,pragmatic,7,3,0.5,-101.10048316149643
7_3_0.5,explicit,7,3,0.5,-124.47411025748836
7_3_0.1,pragmatic,7,3,0.1,-100.76221317168981
7_3_0.1,explicit,7,3,0.1,-125.1418453053683
7_3_1.5,pragmatic,7,3,1.5,-112.82425712526233
7_3_1.5,explicit,7,3,1.5,-123.47377522332359
7_3_2.0,pragmatic,7,3,2.0,-119.91315139961387
7_3_2.0,explicit,7,3,2.0,-123.39948591632833
7_3_2.5,pragmatic,7,3,2.5,-122.51515695224022
7_3_2.5,explicit,7,3,2.5,-123.38225264954741
7_4_0.5,pragmatic,7,4,0.5,-97.52258798315458
7_4_0.5,explicit,7,4,0.5,-124.1885750961544
7_4_0.1,pragmatic,7,4,0.1,-97.79460366102388
7_4_0.1,explicit,7,4,0.1,-125.09455661828106
7_4_1.5,pragmatic,7,4,1.5,-114.11227063692147
7_4_1.5,explicit,7,4,1.5,-123.39948591632833
7_4_2.0,pragmatic,7,4,2.0,-121.6437043292144
7_4_2.0,explicit,7,4,2.0,-123.3802894128104
7_4_2.5,pragmatic,7,4,2.5,-123.130002828239
7_4_2.5,explicit,7,4,2.5,-123.37766766451504
7_5_0.5,pragmatic,7,5,0.5,-95.5379741559736
7_5_0.5,explicit,7,5,0.5,-123.94482511419739
7_5_0.1,pragmatic,7,5,0.1,-96.36522960892374
7_5_0.1,explicit,7,5,0.1,-125.0451418481119
7_5_1.5,pragmatic,7,5,1.5,-115.82267628112903
7_5_1.5,explicit,7,5,1.5,-123.38225264954741
7_5_2.0,pragmatic,7,5,2.0,-122.57183763985257
7_5_2.0,explicit,7,5,2.0,-123.37766766451504
7_5_2.5,pragmatic,7,5,2.5,-123.30949579011836
7_5_2.5,explicit,7,5,2.5,-123.37729052804178
7_6_0.5,pragmatic,7,6,0.5,-94.41012969344578
7_6_0.5,explicit,7,6,0.5,-123.75678016641429
7_6_0.1,pragmatic,7,6,0.1,-95.63696767162511
7_6_0.1,explicit,7,6,0.1,-124.9937192929379
7_6_1.5,pragmatic,7,6,1.5,-117.43915116965557
7_6_1.5,explicit,7,6,1.5,-123.37837332358266
7_6_2.0,pragmatic,7,6,2.0,-123.01369777729533
7_6_2.0,explicit,7,6,2.0,-123.37731240979646
7_6_2.5,pragmatic,7,6,2.5,-123.35894775232475
7_6_2.5,explicit,7,6,2.5,-123.37725956554196
7_7_0.5,pragmatic,7,7,0.5,-93.7413687823521
7_7_0.5,explicit,7,7,0.5,-123.62269527837172
7_7_0.1,pragmatic,7,7,0.1,-95.22107783790034
7_7_0.1,explicit,7,7,0.1,-124.94043813397698
7_7_1.5,pragmatic,7,7,1.5,-118.80479916343094
7_7_1.5,explicit,7,7,1.5,-123.3775060173628
7_7_2.0,pragmatic,7,7,2.0,-123.21493620440677
7_7_2.0,explicit,7,7,2.0,-123.37726432323568
7_7_2.5,pragmatic,7,7,2.5,-123.3723290319781
7_7_2.5,explicit,7,7,2.5,-123.37725702394995
8_1_0.5,pragmatic,8,1,0.5,-111.76247653098345
8_1_0.5,explicit,8,1,0.5,-121.81597213547724
8_1_0.1,pragmatic,8,1,0.1,-111.41804018486266
8_1_0.1,explicit,8,1,0.1,-121.96303489849258
8_1_1.5,pragmatic,8,1,1.5,-113.27060151447505
8_1_1.5,explicit,8,1,1.5,-121.36358643914649
8_1_2.0,pragmatic,8,1,2.0,-114.39536330903422
8_1_2.0,explicit,8,1,2.0,-121.13852401630103
8_1_2.5,pragmatic,8,1,2.5,-115.65963973263169
8_1_2.5,explicit,8,1,2.5,-120.94678547793522
8_2_0.5,pragmatic,8,2,0.5,-102.20027751107844
8_2_0.5,explicit,8,2,0.5,-121.59864775294447
8_2_0.1,pragmatic,8,2,0.1,-101.50543854811858
8_2_0.1,explicit,8,2,0.1,-121.92889176808907
8_2_1.5,pragmatic,8,2,1.5,-108.66768362129766
8_2_1.5,explicit,8,2,1.5,-120.79900237394115
8_2_2.0,pragmatic,8,2,2.0,-113.75441428099165
8_2_2.0,explicit,8,2,2.0,-120.62265274202633
8_2_2.5,pragmatic,8,2,2.5,-117.40838991428392
8_2_2.5,explicit,8,2,2.5,-120.547494867675
8_3_0.5,pragmatic,8,3,0.5,-96.12917131004859
8_3_0.5,explicit,8,3,0.5,-121.36358643914649
8_3_0.1,pragmatic,8,3,0.1,-95.81107720904376
8_3_0.1,explicit,8,3,0.1,-121.89296290790512
8_3_1.5,pragmatic,8,3,1.5,-108.04362396996423
8_3_1.5,explicit,8,3,1.5,-120.57661222093446
8_3_2.0,pragmatic,8,3,2.0,-116.25095889563195
8_3_2.0,explicit,8,3,2.0,-120.5182043095813
8_3_2.5,pragmatic,8,3,2.5,-119.42952115037602
8_3_2.5,explicit,8,3,2.5,-120.5046518371291
8_4_0.5,pragmatic,8,4,0.5,-92.92428880686616
8_4_0.5,explicit,8,4,0.5,-121.13852401630103
8_4_0.1,pragmatic,8,4,0.1,-93.20371985292437
8_4_0.1,explicit,8,4,0.1,-121.85529855718575
8_4_1.5,pragmatic,8,4,1.5,-109.2825158916577
8_4_1.5,explicit,8,4,1.5,-120.5182043095813
8_4_2.0,pragmatic,8,4,2.0,-118.29962746415225
8_4_2.0,explicit,8,4,2.0,-120.5031078332997
8_4_2.5,pragmatic,8,4,2.5,-120.18407555175946
8_4_2.5,explicit,8,4,2.5,-120.50104590878357
8_5_0.5,pragmatic,8,5,0.5,-91.27992061892773
8_5_0.5,explicit,8,5,0.5,-120.94678547793522
8_5_0.1,pragmatic,8,5,0.1,-92.04949283079182
8_5_0.1,explicit,8,5,0.1,-121.81597213547724
8_5_1.5,pragmatic,8,5,1.5,-111.06133637332881
8_5_1.5,explicit,8,5,1.5,-120.5046518371291
8_5_2.0,pragmatic,8,5,2.0,-119.4438776001426
8_5_2.0,explicit,8,5,2.0,-120.50104590878357
8_5_2.5,pragmatic,8,5,2.5,-120.41136266122936
8_5_2.5,explicit,8,5,2.5,-120.5007492998044
8_6_0.5,pragmatic,8,6,0.5,-90.41630956652061
8_6_0.5,explicit,8,6,0.5,-120.79900237394115
8_6_0.1,pragmatic,8,6,0.1,-91.50480996757236
8_6_0.1,explicit,8,6,0.1,-121.7750810452848
8_6_1.5,pragmatic,8,6,1.5,-112.82752152627648
8_6_1.5,explicit,8,6,1.5,-120.50160089122255
8_6_2.0,pragmatic,8,6,2.0,-120.00871053103732
8_6_2.0,explicit,8,6,2.0,-120.50076650930953
8_6_2.5,pragmatic,8,6,2.5,-120.47587696623329
8_6_2.5,explicit,8,6,2.5,-120.50072494849515
8_7_0.5,pragmatic,8,7,0.5,-89.94911482562284
8_7_0.5,explicit,8,7,0.5,-120.6936477843417
8_7_0.1,pragmatic,8,7,0.1,-91.211574083237
8_7_0.1,explicit,8,7,0.1,-121.73274685636851
8_7_1.5,pragmatic,8,7,1.5,-114.38800935910616
8_7_1.5,explicit,8,7,1.5,-120.5009187771788
8_7_2.0,pragmatic,8,7,2.0,-120.27451826194108
8_7_2.0,explicit,8,7,2.0,-120.50072869031436
8_7_2.5,pragmatic,8,7,2.5,-120.49384571780034
8_7_2.5,explicit,8,7,2.5,-120.50072294958987
9_1_0.5,pragmatic,9,1,0.5,-108.07315927532748
9_1_0.5,explicit,9,1,0.5,-119.18479177864975
9_1_0.1,pragmatic,9,1,0.1,-107.67069325389454
9_1_0.1,explicit,9,1,0.1,-119.30182073400377
9_1_1.5,pragmatic,9,1,1.5,-109.81347194561017
9_1_1.5,explicit,9,1,1.5,-118.8251009621222
9_1_2.0,pragmatic,9,1,2.0,-111.10254412351952
9_1_2.0,explicit,9,1,2.0,-118.64600533298307
9_1_2.5,pragmatic,9,1,2.5,-112.55088320910879
9_1_2.5,explicit,9,1,2.5,-118.49314356360361
9_2_0.5,pragmatic,9,2,0.5,-98.13478272531391
9_2_0.5,explicit,9,2,0.5,-119.01198413640978
9_2_0.1,pragmatic,9,2,0.1,-97.43169375662237
9_2_0.1,explicit,9,2,0.1,-119.27464119422532
9_2_1.5,pragmatic,9,2,1.5,-104.82873078818794
9_2_1.5,explicit,9,2,1.5,-118.37505112626563
9_2_2.0,pragmatic,9,2,2.0,-110.39423656177539
9_2_2.0,explicit,9,2,2.0,-118.23371218753147
9_2_2.5,pragmatic,9,2,2.5,-114.54073858305794
9_2_2.5,explicit,9,2,2.5,-118.1733079102624
9_3_0.5,pragmatic,9,3,0.5,-92.38839485207885
9_3_0.5,explicit,9,3,0.5,-118.8251009621222
9_3_0.1,pragmatic,9,3,0.1,-92.11910784403055
9_3_0.1,explicit,9,3,0.1,-119.24604658218169
9_3_1.5,pragmatic,9,3,1.5,-104.00213167571991
9_3_1.5,explicit,9,3,1.5,-118.19672253362744
9_3_2.0,pragmatic,9,3,2.0,-113.12185546923979
9_3_2.0,explicit,9,3,2.0,-118.1497366426964
9_3_2.5,pragmatic,9,3,2.5,-116.85507425573697
9_3_2.5,explicit,9,3,2.5,-118.13882437389894
9_4_0.5,pragmatic,9,4,0.5,-89.61696519405473
9_4_0.5,explicit,9,4,0.5,-118.64600533298307
9_4_0.1,pragmatic,9,4,0.1,-89.90851861669502
9_4_0.1,explicit,9,4,0.1,-119.21607724319851
9_4_1.5,pragmatic,9,4,1.5,-105.13833206444733
9_4_1.5,explicit,9,4,1.5,-118.1497366426964
9_4_2.0,pragmatic,9,4,2.0,-115.45693681815695
9_4_2.0,explicit,9,4,2.0,-118.13758091534613
9_4_2.5,pragmatic,9,4,2.5,-117.74678417777102
9_4_2.5,explicit,9,4,2.5,-118.13592027159179
9_5_0.5,pragmatic,9,5,0.5,-88.3048644297675
9_5_0.5,explicit,9,5,0.5,-118.49314356360361
9_5_0.1,pragmatic,9,5,0.1,-89.01366856832792
9_5_0.1,explicit,9,5,0.1,-119.18479177864975
9_5_1.5,pragmatic,9,5,1.5,-106.9091927896626
9_5_1.5,explicit,9,5,1.5,-118.13882437389894
9_5_2.0,pragmatic,9,5,2.0,-116.81133134833294
9_5_2.0,explicit,9,5,2.0,-118.13592027159179
9_5_2.5,pragmatic,9,5,2.5,-118.02307216755486
9_5_2.5,explicit,9,5,2.5,-118.13568137958727
9_6_0.5,pragmatic,9,6,0.5,-87.67473617744301
9_6_0.5,explicit,9,6,0.5,-118.37505112626563
9_6_0.1,pragmatic,9,6,0.1,-88.62782330357226
9_6_0.1,explicit,9,6,0.1,-119.1522676443046
9_6_1.5,pragmatic,9,6,1.5,-108.74554569001114
9_6_1.5,explicit,9,6,1.5,-118.13636725525065
9_6_2.0,pragmatic,9,6,2.0,-117.50209899897428
9_6_2.0,explicit,9,6,2.0,-118.13569524035573
9_6_2.5,pragmatic,9,6,2.5,-118.10356836178835
9_6_2.5,explicit,9,6,2.5,-118.13566176670166
9_7_0.5,pragmatic,9,7,0.5,-87.37325396077223
9_7_0.5,explicit,9,7,0.5,-118.29067460347042
9_7_0.1,pragmatic,9,7,0.1,-88.4358040853296
9_7_0.1,explicit,9,7,0.1,-119.11860126318652
9_7_1.5,pragmatic,9,7,1.5,-110.43129243145898
9_7_1.5,explicit,9,7,1.5,-118.13581787868543
9_7_2.0,pragmatic,9,7,2.0,-117.83676832478265
9_7_2.0,explicit,9,7,2.0,-118.13566478041623
9_7_2.5,pragmatic,9,7,2.5,-118.12655809148518
9_7_2.5,explicit,9,7,2.5,-118.13566015675482
10_1_0.5,pragmatic,10,1,0.5,-104.97841808874753
10_1_0.5,explicit,10,1,0.5,-117.001589937247
10_1_0.1,pragmatic,10,1,0.1,-104.53390086163171
10_1_0.1,explicit,10,1,0.1,-117.09561656740793
10_1_1.5,pragmatic,10,1,1.5,-106.89253082696604
10_1_1.5,explicit,10,1,1.5,-116.7116908386728
10_1_2.0,pragmatic,10,1,2.0,-108.31054061998795
10_1_2.0,explicit,10,1,2.0,-116.56657052099229
10_1_2.5,pragmatic,10,1,2.5,-109.90900204007946
10_1_2.5,explicit,10,1,2.5,-116.44214246755087
10_2_0.5,pragmatic,10,2,0.5,-94.88596213625819
10_2_0.5,explicit,10,2,0.5,-116.86252100442871
10_2_0.1,pragmatic,10,2,0.1,-94.20602147557669
10_2_0.1,explicit,10,2,0.1,-117.07378786182828
10_2_1.5,pragmatic,10,2,1.5,-101.5888974307618
10_2_1.5,explicit,10,2,1.5,-116.34559335169065
10_2_2.0,pragmatic,10,2,2.0,-107.50357072932661
10_2_2.0,explicit,10,2,2.0,-116.22948440022736
10_2_2.5,pragmatic,10,2,2.5,-112.08040996122557
10_2_2.5,explicit,10,2,2.5,-116.17966121673646
10_3_0.5,pragmatic,10,3,0.5,-89.5841498498737
10_3_0.5,explicit,10,3,0.5,-116.7116908386728
10_3_0.1,pragmatic,10,3,0.1,-89.37208716911259
10_3_0.1,explicit,10,3,0.1,-117.05081739326116
10_3_1.5,pragmatic,10,3,1.5,-100.57475358216098
10_3_1.5,explicit,10,3,1.5,-116.1989892553715
10_3_2.0,pragmatic,10,3,2.0,-110.40387740061865
10_3_2.0,explicit,10,3,2.0,-116.1601843256334
10_3_2.5,pragmatic,10,3,2.5,-114.6614120999496
10_3_2.5,explicit,10,3,2.5,-116.1511608093529
10_4_0.5,pragmatic,10,4,0.5,-87.2479695661696
10_4_0.5,explicit,10,4,0.5,-116.56657052099229
10_4_0.1,pragmatic,10,4,0.1,-87.54312622639202
10_4_0.1,explicit,10,4,0.1,-117.02673622845218
10_4_1.5,pragmatic,10,4,1.5,-101.58223260716505
10_4_1.5,explicit,10,4,1.5,-116.1601843256334
10_4_2.0,pragmatic,10,4,2.0,-112.99279560662164
10_4_2.0,explicit,10,4,2.0,-116.15013230257487
10_4_2.5,pragmatic,10,4,2.5,-115.68608414463198
10_4_2.5,explicit,10,4,2.5,-116.14875864053391
10_5_0.5,pragmatic,10,5,0.5,-86.22878270359426
10_5_0.5,explicit,10,5,0.5,-116.44214246755087
10_5_0.1,pragmatic,10,5,0.1,-86.86920460001896
10_5_0.1,explicit,10,5,0.1,-117.001589937247
10_5_1.5,pragmatic,10,5,1.5,-103.2940532904746
10_5_1.5,explicit,10,5,1.5,-116.1511608093529
10_5_2.0,pragmatic,10,5,2.0,-114.54757609216584
10_5_2.0,explicit,10,5,2.0,-116.14875864053391
10_5_2.5,pragmatic,10,5,2.5,-116.01165055037553
10_5_2.5,explicit,10,5,2.5,-116.14856102408795
10_6_0.5,pragmatic,10,6,0.5,-85.78730230072348
10_6_0.5,explicit,10,6,0.5,-116.34559335169065
10_6_0.1,pragmatic,10,6,0.1,-86.60936731207366
10_6_0.1,explicit,10,6,0.1,-116.97543908983171
10_6_1.5,pragmatic,10,6,1.5,-105.13822630355067
10_6_1.5,explicit,10,6,1.5,-116.14912838918426
10_6_2.0,pragmatic,10,6,2.0,-115.36414037656982
10_6_2.0,explicit,10,6,2.0,-116.14857249006108
10_6_2.5,pragmatic,10,6,2.5,-116.10867923221069
10_6_2.5,explicit,10,6,2.5,-116.14854479980846
10_7_0.5,pragmatic,10,7,0.5,-85.6114732317465
10_7_0.5,explicit,10,7,0.5,-116.27635564042976
10_7_0.1,pragmatic,10,7,0.1,-86.49444952351972
10_7_0.1,explicit,10,7,0.1,-116.94835937542933
10_7_1.5,pragmatic,10,7,1.5,-106.88607758174207
10_7_1.5,explicit,10,7,1.5,-116.14867393924025
10_7_2.0,pragmatic,10,7,2.0,-115.77006059652423
10_7_2.0,explicit,10,7,2.0,-116.14854729283107
10_7_2.5,pragmatic,10,7,2.5,-116.13699646564741
10_7_2.5,explicit,10,7,2.5,-116.14854346801877
11_1_0.5,pragmatic,11,1,0.5,-102.3563914845931
11_1_0.5,explicit,11,1,0.5,-115.16164084659697
11_1_0.1,pragmatic,11,1,0.1,-101.88280034646445
11_1_0.1,explicit,11,1,0.1,-115.23833996159624
11_1_1.5,pragmatic,11,1,1.5,-104.39653751785598
11_1_1.5,explicit,11,1,1.5,-114.92377877770511
11_1_2.0,pragmatic,11,1,2.0,-105.91419819933525
11_1_2.0,explicit,11,1,2.0,-114.80374203457323
11_1_2.5,pragmatic,11,1,2.5,-107.63440289689677
11_1_2.5,explicit,11,1,2.5,-114.70021207634043
11_2_0.5,pragmatic,11,2,0.5,-92.28443331739243
11_2_0.5,explicit,11,2,0.5,-115.04782259585141
11_2_0.1,pragmatic,11,2,0.1,-91.64691686265073
11_2_0.1,explicit,11,2,0.1,-115.22055047415132
11_2_1.5,pragmatic,11,2,1.5,-98.8392647451948
11_2_1.5,explicit,11,2,1.5,-114.61945587600171
11_2_2.0,pragmatic,11,2,2.0,-104.99200371490339
11_2_2.0,explicit,11,2,2.0,-114.52181779700238
11_2_2.5,pragmatic,11,2,2.5,-109.94124785699702
11_2_2.5,explicit,11,2,2.5,-114.47973908528286
11_3_0.5,pragmatic,11,3,0.5,-87.48538527226037
11_3_0.5,explicit,11,3,0.5,-114.92377877770511
11_3_0.1,pragmatic,11,3,0.1,-87.32774948392361
11_3_0.1,explicit,11,3,0.1,-115.20181995587579
11_3_1.5,pragmatic,11,3,1.5,-97.66417248703056
11_3_1.5,explicit,11,3,1.5,-114.49607596338221
11_3_2.0,pragmatic,11,3,2.0,-108.01697092814118
11_3_2.0,explicit,11,3,2.0,-114.46325938016199
11_3_2.5,pragmatic,11,3,2.5,-112.76450366183121
11_3_2.5,explicit,11,3,2.5,-114.45561862662103
11_4_0.5,pragmatic,11,4,0.5,-85.5516019835702
11_4_0.5,explicit,11,4,0.5,-114.80374203457323
11_4_0.1,pragmatic,11,4,0.1,-85.83912529938438
11_4_0.1,explicit,11,4,0.1,-115.18217173455936
11_4_1.5,pragmatic,11,4,1.5,-98.53535464038586
11_4_1.5,explicit,11,4,1.5,-114.46325938016199
11_4_2.0,pragmatic,11,4,2.0,-110.8287542697287
11_4_2.0,explicit,11,4,2.0,-114.45474749379083
11_4_2.5,pragmatic,11,4,2.5,-113.91712683435136
11_4_2.5,explicit,11,4,2.5,-114.4535839437557
11_5_0.5,pragmatic,11,5,0.5,-84.77424091743703
11_5_0.5,explicit,11,5,0.5,-114.70021207634043
11_5_0.1,pragmatic,11,5,0.1,-85.34274255498656
11_5_0.1,explicit,11,5,0.1,-115.16164084659697
11_5_1.5,pragmatic,11,5,1.5,-100.15806789086083
11_5_1.5,explicit,11,5,1.5,-114.45561862662103
11_5_2.0,pragmatic,11,5,2.0,-112.57231796824948
11_5_2.0,explicit,11,5,2.0,-114.4535839437557
11_5_2.5,pragmatic,11,5,2.5,-114.29159944011565
11_5_2.5,explicit,11,5,2.5,-114.45341654719473
11_6_0.5,pragmatic,11,6,0.5,-84.47625300035843
11_6_0.5,explicit,11,6,0.5,-114.61945587600171
11_6_0.1,pragmatic,11,6,0.1,-85.17830435702582
11_6_0.1,explicit,11,6,0.1,-115.14027448604844
11_6_1.5,pragmatic,11,6,1.5,-101.96720166093729
11_6_1.5,explicit,11,6,1.5,-114.45389714497452
11_6_2.0,pragmatic,11,6,2.0,-113.51241516056939
11_6_2.0,explicit,11,6,2.0,-114.45342625981783
11_6_2.5,pragmatic,11,6,2.5,-114.4054132090483
11_6_2.5,explicit,11,6,2.5,-114.45340280388427
11_7_0.5,pragmatic,11,7,0.5,-84.39039565589414
11_7_0.5,explicit,11,7,0.5,-114.56130301232996
11_7_0.1,pragmatic,11,7,0.1,-85.11970225159692
11_7_0.1,explicit,11,7,0.1,-115.11813215693613
11_7_1.5,pragmatic,11,7,1.5,-103.72845048747078
11_7_1.5,explicit,11,7,1.5,-114.45351219536305
11_7_2.0,pragmatic,11,7,2.0,-113.99043744573294
11_7_2.0,explicit,11,7,2.0,-114.45340491568172
11_7_2.5,pragmatic,11,7,2.5,-114.43924944691702
11_7_2.5,explicit,11,7,2.5,-114.45340167574727
12_1_0.5,pragmatic,12,1,0.5,-100.11677697423077
12_1_0.5,explicit,12,1,0.5,-113.59210856209486
12_1_0.1,pragmatic,12,1,0.1,-99.62432366430484
12_1_0.1,explicit,12,1,0.1,-113.6557344494407
12_1_1.5,pragmatic,12,1,1.5,-102.24491531924981
12_1_1.5,explicit,12,1,1.5,-113.39335620207476
12_1_2.0,pragmatic,12,1,2.0,-103.83849910090679
12_1_2.0,explicit,12,1,2.0,-113.29213785857287
12_1_2.5,pragmatic,12,1,2.5,-105.65715277662353
12_1_2.5,explicit,12,1,2.5,-113.20430164961549
12_2_0.5,pragmatic,12,2,0.5,-90.19660574542368
12_2_0.5,explicit,12,2,0.5,-113.49728987833814
12_2_0.1,pragmatic,12,2,0.1,-89.61190136576543
12_2_0.1,explicit,12,2,0.1,-113.64099543384107
12_2_1.5,pragmatic,12,2,1.5,-96.49607063601725
12_2_1.5,explicit,12,2,1.5,-113.13543073240801
12_2_2.0,pragmatic,12,2,2.0,-102.79457567809482
12_2_2.0,explicit,12,2,2.0,-113.0517399547641
12_2_2.5,pragmatic,12,2,2.5,-108.06412601627133
12_2_2.5,explicit,12,2,2.5,-113.01552940724837
12_3_0.5,pragmatic,12,3,0.5,-85.91462360951488
12_3_0.5,explicit,12,3,0.5,-113.39335620207476
12_3_0.1,pragmatic,12,3,0.1,-85.80338158000072
12_3_0.1,explicit,12,3,0.1,-113.62546498359714
12_3_1.5,pragmatic,12,3,1.5,-95.190819543412
12_3_1.5,explicit,12,3,1.5,-113.0295981634822
12_3_2.0,pragmatic,12,3,2.0,-105.90539098257601
12_3_2.0,explicit,12,3,2.0,-113.0013246177874
12_3_2.5,pragmatic,12,3,2.5,-111.1078967266574
12_3_2.5,explicit,12,3,2.5,-112.99473418915953
12_4_0.5,pragmatic,12,4,0.5,-84.33385545404937
12_4_0.5,explicit,12,4,0.5,-113.29213785857287
12_4_0.1,pragmatic,12,4,0.1,-84.60416903622355
12_4_0.1,explicit,12,4,0.1,-113.6091603863924
12_4_1.5,pragmatic,12,4,1.5,-95.92871338023905
12_4_1.5,explicit,12,4,1.5,-113.0013246177874
12_4_2.0,pragmatic,12,4,2.0,-108.9119335449476
12_4_2.0,explicit,12,4,2.0,-112.99398262733745
12_4_2.5,pragmatic,12,4,2.5,-112.38325142876135
12_4_2.5,explicit,12,4,2.5,-112.99297872847981
12_5_0.5,pragmatic,12,5,0.5,-83.7471380906024
12_5_0.5,explicit,12,5,0.5,-113.20430164961549
12_5_0.1,pragmatic,12,5,0.1,-84.24513127355988
12_5_0.1,explicit,12,5,0.1,-113.59210856209486
12_5_1.5,pragmatic,12,5,1.5,-97.44646179362002
12_5_1.5,explicit,12,5,1.5,-112.99473418915953
12_5_2.0,pragmatic,12,5,2.0,-110.83225665896582
12_5_2.0,explicit,12,5,2.0,-112.99297872847981
12_5_2.5,pragmatic,12,5,2.5,-112.80586586584
12_5_2.5,explicit,12,5,2.5,-112.9928342951265
12_6_0.5,pragmatic,12,6,0.5,-83.55319977630099
12_6_0.5,explicit,12,6,0.5,-113.13543073240801
12_6_0.1,pragmatic,12,6,0.1,-84.15083604463828
12_6_0.1,explicit,12,6,0.1,-113.57434648636917
12_6_1.5,pragmatic,12,6,1.5,-99.19344361051567
12_6_1.5,explicit,12,6,1.5,-112.99324896161811
12_6_2.0,pragmatic,12,6,2.0,-111.8924052097033
12_6_2.0,explicit,12,6,2.0,-112.99284267542326
12_6_2.5,pragmatic,12,6,2.5,-112.93650359215764
12_6_2.5,explicit,12,6,2.5,-112.9928224370429
12_7_0.5,pragmatic,12,7,0.5,-83.52857840186132
12_7_0.5,explicit,12,7,0.5,-113.08564063102429
12_7_0.1,pragmatic,12,7,0.1,-84.13241505307279
12_7_0.1,explicit,12,7,0.1,-113.55592137855746
12_7_1.5,pragmatic,12,7,1.5,-100.93441485392904
12_7_1.5,explicit,12,7,1.5,-112.99291682258794
12_7_2.0,pragmatic,12,7,2.0,-112.44229938458643
12_7_2.0,explicit,12,7,2.0,-112.99282425915688
12_7_2.5,pragmatic,12,7,2.5,-112.97595850039724
12_7_2.5,explicit,12,7,2.5,-112.99282146365671
13_1_0.5,pragmatic,13,1,0.5,-98.19094893274844
13_1_0.5,explicit,13,1,0.5,-112.24143732089033
13_1_0.1,pragmatic,13,1,0.1,-97.68751325461078
13_1_0.1,explicit,13,1,0.1,-112.29506831231274
13_1_1.5,pragmatic,13,1,1.5,-100.37726314964398
13_1_1.5,explicit,13,1,1.5,-112.07263892247833
13_1_2.0,pragmatic,13,1,2.0,-102.02777497001516
13_1_2.0,explicit,13,1,2.0,-111.98590573837002
13_1_2.5,pragmatic,13,1,2.5,-103.9259416160163
13_1_2.5,explicit,13,1,2.5,-111.91021339675062
13_2_0.5,pragmatic,13,2,0.5,-88.51696115727742
13_2_0.5,explicit,13,2,0.5,-112.16115410790098
13_2_0.1,pragmatic,13,2,0.1,-87.98929066112731
13_2_0.1,explicit,13,2,0.1,-112.28266138697012
13_2_1.5,pragmatic,13,2,1.5,-94.49267621962059
13_2_1.5,explicit,13,2,1.5,-111.85059091669972
13_2_2.0,pragmatic,13,2,2.0,-100.86197794632584
13_2_2.0,explicit,13,2,2.0,-111.77782408544972
13_2_2.5,pragmatic,13,2,2.5,-106.40606327793975
13_2_2.5,explicit,13,2,2.5,-111.7462363497111
13_3_0.5,pragmatic,13,3,0.5,-84.73786610266144
13_3_0.5,explicit,13,3,0.5,-112.07263892247833
13_3_0.1,pragmatic,13,3,0.1,-84.66318867879464
13_3_0.1,explicit,13,3,0.1,-112.26957739706111
13_3_1.5,pragmatic,13,3,1.5,-93.08801383888158
13_3_1.5,explicit,13,3,1.5,-111.7585163024176
13_3_2.0,pragmatic,13,3,2.0,-104.02756709621276
13_3_2.0,explicit,13,3,2.0,-111.73382837829922
13_3_2.5,pragmatic,13,3,2.5,-109.65141143043643
13_3_2.5,explicit,13,3,2.5,-111.72806845672741
13_4_0.5,pragmatic,13,4,0.5,-83.4561770075146
13_4_0.5,explicit,13,4,0.5,-111.98590573837002
13_4_0.1,pragmatic,13,4,0.1,-83.70222104249281
13_4_0.1,explicit,13,4,0.1,-112.25582909928771
13_4_1.5,pragmatic,13,4,1.5,-93.70093960578633
13_4_1.5,explicit,13,4,1.5,-111.73382837829922
13_4_2.0,pragmatic,13,4,2.0,-107.2040468247301
13_4_2.0,explicit,13,4,2.0,-111.72741147876346
13_4_2.5,pragmatic,13,4,2.5,-111.0444763151825
13_4_2.5,explicit,13,4,2.5,-111.72653388021124
13_5_0.5,pragmatic,13,5,0.5,-83.0144607189911
13_5_0.5,explicit,13,5,0.5,-111.91021339675062
13_5_0.1,pragmatic,13,5,0.1,-83.44629790983089
13_5_0.1,explicit,13,5,0.1,-112.24143732089033
13_5_1.5,pragmatic,13,5,1.5,-95.10619167991581
13_5_1.5,explicit,13,5,1.5,-111.72806845672741
13_5_2.0,pragmatic,13,5,2.0,-109.28956644683333
13_5_2.0,explicit,13,5,2.0,-111.72653388021124
13_5_2.5,pragmatic,13,5,2.5,-111.51428470358073
13_5_2.5,explicit,13,5,2.5,-111.72640761421523
13_6_0.5,pragmatic,13,6,0.5,-82.89257292948614
13_6_0.5,explicit,13,6,0.5,-111.85059091669972
13_6_0.1,pragmatic,13,6,0.1,-83.40235861332215
13_6_0.1,explicit,13,6,0.1,-112.22643136490272
13_6_1.5,pragmatic,13,6,1.5,-96.77420341144978
13_6_1.5,explicit,13,6,1.5,-111.72677011988482
13_6_2.0,pragmatic,13,6,2.0,-110.46577190706512
13_6_2.0,explicit,13,6,2.0,-111.72641494043337
13_6_2.5,pragmatic,13,6,2.5,-111.66165213553545
13_6_2.5,explicit,13,6,2.5,-111.72639724764294
13_7_0.5,pragmatic,13,7,0.5,-82.90734456034092
13_7_0.5,explicit,13,7,0.5,-111.80734062712689
13_7_0.1,pragmatic,13,7,0.1,-83.41220209872564
13_7_0.1,explicit,13,7,0.1,-112.2108492249126
13_7_1.5,pragmatic,13,7,1.5,-98.47267402453747
13_7_1.5,explicit,13,7,1.5,-111.72647976118576
13_7_2.0,pragmatic,13,7,2.0,-111.08665827326678
13_7_2.0,explicit,13,7,2.0,-111.72639884057172
13_7_2.5,pragmatic,13,7,2.5,-111.70676079727822
13_7_2.5,explicit,13,7,2.5,-111.72639639668917
14_1_0.5,pragmatic,14,1,0.5,-96.52533177740673
14_1_0.5,explicit,14,1,0.5,-111.07200890772795
14_1_0.1,pragmatic,14,1,0.1,-96.0169097606068
14_1_0.1,explicit,14,1,0.1,-111.11784525667807
14_1_1.5,pragmatic,14,1,1.5,-98.74670151735357
14_1_1.5,explicit,14,1,1.5,-110.92671478480061
14_1_2.0,pragmatic,14,1,2.0,-100.43904708315264
14_1_2.0,explicit,14,1,2.0,-110.85145963222433
14_1_2.5,pragmatic,14,1,2.5,-102.40142069813088
14_1_2.5,explicit,14,1,2.5,-110.78546635217495
14_2_0.5,pragmatic,14,2,0.5,-87.16218473550316
14_2_0.5,explicit,14,2,0.5,-111.00309933224881
14_2_0.1,pragmatic,14,2,0.1,-86.69170039586535
14_2_0.1,explicit,14,2,0.1,-111.10725546878868
14_2_1.5,pragmatic,14,2,1.5,-92.77489859896855
14_2_1.5,explicit,14,2,1.5,-110.73328543204464
14_2_2.0,pragmatic,14,2,2.0,-99.15507943173118
14_2_2.0,explicit,14,2,2.0,-110.66937798256926
14_2_2.5,pragmatic,14,2,2.5,-104.93406825227969
14_2_2.5,explicit,14,2,2.5,-110.64156410225374
14_3_0.5,pragmatic,14,3,0.5,-83.85532736151707
14_3_0.5,explicit,14,3,0.5,-110.92671478480061
14_3_0.1,pragmatic,14,3,0.1,-83.80735594341238
14_3_0.1,explicit,14,3,0.1,-111.09607871201142
14_3_1.5,pragmatic,14,3,1.5,-91.29956017892289
14_3_1.5,explicit,14,3,1.5,-110.65238193709888
14_3_2.0,pragmatic,14,3,2.0,-102.35068925296129
14_3_2.0,explicit,14,3,2.0,-110.63062715355233
14_3_2.5,pragmatic,14,3,2.5,-108.36473839809823
14_3_2.5,explicit,14,3,2.5,-110.62554795997893
14_4_0.5,pragmatic,14,4,0.5,-82.82116144662344
14_4_0.5,explicit,14,4,0.5,-110.85145963222433
14_4_0.1,pragmatic,14,4,0.1,-83.03789146898536
14_4_0.1,explicit,14,4,0.1,-111.0843244225186
14_4_1.5,pragmatic,14,4,1.5,-91.79821651444063
14_4_1.5,explicit,14,4,1.5,-110.63062715355233
14_4_2.0,pragmatic,14,4,2.0,-105.67548565599274
14_4_2.0,explicit,14,4,2.0,-110.62496854058553
14_4_2.5,pragmatic,14,4,2.5,-109.87092317543593
14_4_2.5,explicit,14,4,2.5,-110.62419451844163
14_5_0.5,pragmatic,14,5,0.5,-82.48627563428332
14_5_0.5,explicit,14,5,0.5,-110.78546635217495
14_5_0.1,pragmatic,14,5,0.1,-82.85711257514221
14_5_0.1,explicit,14,5,0.1,-111.07200890772795
14_5_1.5,pragmatic,14,5,1.5,-93.08795856212417
14_5_1.5,explicit,14,5,1.5,-110.62554795997893
14_5_2.0,pragmatic,14,5,2.0,-107.91553849620533
14_5_2.0,explicit,14,5,2.0,-110.62419451844163
14_5_2.5,pragmatic,14,5,2.5,-110.38694151696579
14_5_2.5,explicit,14,5,2.5,-110.62408315212065
14_6_0.5,pragmatic,14,6,0.5,-82.41156303899078
14_6_0.5,explicit,14,6,0.5,-110.73328543204464
14_6_0.1,pragmatic,14,6,0.1,-82.84835590466206
14_6_0.1,explicit,14,6,0.1,-111.05915573337981
14_6_1.5,pragmatic,14,6,1.5,-94.6659843615693
14_6_1.5,explicit,14,6,1.5,-110.62440287956821
14_6_2.0,pragmatic,14,6,2.0,-109.20375613365853
14_6_2.0,explicit,14,6,2.0,-110.62408961384614
14_6_2.5,pragmatic,14,6,2.5,-110.55087613798067
14_6_2.5,explicit,14,6,2.5,-110.62407400879881
14_7_0.5,pragmatic,14,7,0.5,-82.4497099888399
14_7_0.5,explicit,14,7,0.5,-110.6953293838025
14_7_0.1,pragmatic,14,7,0.1,-82.8778488982657
14_7_0.1,explicit,14,7,0.1,-111.0457959538602
14_7_1.5,pragmatic,14,7,1.5,-96.30679631587758
14_7_1.5,explicit,14,7,1.5,-110.62414678566326
14_7_2.0,pragmatic,14,7,2.0,-109.89444035843363
14_7_2.0,explicit,14,7,2.0,-110.62407541376324
14_7_2.5,pragmatic,14,7,2.5,-110.6016338619083
14_7_2.5,explicit,14,7,2.5,-110.6240732582571
15_1_0.5,pragmatic,15,1,0.5,-95.07715720845417
15_1_0.5,explicit,15,1,0.5,-110.05538108611759
15_1_0.1,pragmatic,15,1,0.1,-94.5682590032837
15_1_0.1,explicit,15,1,0.1,-110.0950008346654
15_1_1.5,pragmatic,15,1,1.5,-97.31580074522415
15_1_1.5,explicit,15,1,1.5,-109.92900127280585
15_1_2.0,pragmatic,15,1,2.0,-99.03804415428002
15_1_2.0,explicit,15,1,2.0,-109.86309703867624
15_1_2.5,pragmatic,15,1,2.5,-101.05229524731052
15_1_2.5,explicit,15,1,2.5,-109.80507554266909
15_2_0.5,pragmatic,15,2,0.5,-86.06662276222384
15_2_0.5,explicit,15,2,0.5,-109.99558905849119
15_2_0.1,pragmatic,15,2,0.1,-85.65094580692627
15_2_0.1,explicit,15,2,0.1,-110.08585821845408
15_2_1.5,pragmatic,15,2,1.5,-91.29817344861128
15_2_1.5,explicit,15,2,1.5,-109.75905860646566
15_2_2.0,pragmatic,15,2,2.0,-97.6418891498003
15_2_2.0,explicit,15,2,2.0,-109.70254694195935
15_2_2.5,pragmatic,15,2,2.5,-103.62172294751798
15_2_2.5,explicit,15,2,2.5,-109.67790306163525
15_3_0.5,pragmatic,15,3,0.5,-83.19349926019682
15_3_0.5,explicit,15,3,0.5,-109.92900127280585
15_3_0.1,pragmatic,15,3,0.1,-83.16314826115604
15_3_0.1,explicit,15,3,0.1,-110.07620171218602
15_3_1.5,pragmatic,15,3,1.5,-89.77822206348812
15_3_1.5,explicit,15,3,1.5,-109.68749132389225
15_3_2.0,pragmatic,15,3,2.0,-100.84786915063528
15_3_2.0,explicit,15,3,2.0,-109.66820498035686
15_3_2.5,pragmatic,15,3,2.5,-107.2238912029306
15_3_2.5,explicit,15,3,2.5,-109.66369969777494
15_4_0.5,pragmatic,15,4,0.5,-82.3610265300934
15_4_0.5,explicit,15,4,0.5,-109.86309703867624
15_4_0.1,pragmatic,15,4,0.1,-82.5447085922013
15_4_0.1,explicit,15,4,0.1,-110.0660383483048
15_4_1.5,pragmatic,15,4,1.5,-90.17429445623249
15_4_1.5,explicit,15,4,1.5,-109.66820498035686
15_4_2.0,pragmatic,15,4,2.0,-104.30223749965094
15_4_2.0,explicit,15,4,2.0,-109.66318569150133
15_4_2.5,pragmatic,15,4,2.5,-108.83913932321403
15_4_2.5,explicit,15,4,2.5,-109.66249903388619
15_5_0.5,pragmatic,15,5,0.5,-82.10221034881734
15_5_0.5,explicit,15,5,0.5,-109.80507554266909
15_5_0.1,pragmatic,15,5,0.1,-82.41669636519605
15_5_0.1,explicit,15,5,0.1,-110.05538108611759
15_5_1.5,pragmatic,15,5,1.5,-91.3480703778667
15_5_1.5,explicit,15,5,1.5,-109.66369969777494
15_5_2.0,pragmatic,15,5,2.0,-106.6871984835061
15_5_2.0,explicit,15,5,2.0,-109.66249903388619
15_5_2.5,pragmatic,15,5,2.5,-109.40043833458164
15_5_2.5,explicit,15,5,2.5,-109.66240023587099
15_6_0.5,pragmatic,15,6,0.5,-82.05578268855116
15_6_0.5,explicit,15,6,0.5,-109.75905860646566
15_6_0.1,pragmatic,15,6,0.1,-82.43155445541588
15_6_0.1,explicit,15,6,0.1,-110.04424917861097
15_6_1.5,pragmatic,15,6,1.5,-92.82816518995867
15_6_1.5,explicit,15,6,1.5,-109.66268387915507
15_6_2.0,pragmatic,15,6,2.0,-108.0835879900367
15_6_2.0,explicit,15,6,2.0,-109.66240596836654
15_6_2.5,pragmatic,15,6,2.5,-109.58075487985637
15_6_2.5,explicit,15,6,2.5,-109.66239212440445
15_7_0.5,pragmatic,15,7,0.5,-82.10578692345415
15_7_0.5,explicit,15,7,0.5,-109.72551449478979
15_7_0.1,pragmatic,15,7,0.1,-82.47448302891604
15_7_0.1,explicit,15,7,0.1,-110.03266840804636
15_7_1.5,pragmatic,15,7,1.5,-94.39985282753041
15_7_1.5,explicit,15,7,1.5,-109.66245668806869
15_7_2.0,pragmatic,15,7,2.0,-108.84278336878141
15_7_2.0,explicit,15,7,2.0,-109.66239337081389
15_7_2.5,pragmatic,15,7,2.5,-109.63713636801822
15_7_2.5,explicit,15,7,2.5,-109.66239145856385
16_1_0.5,pragmatic,16,1,0.5,-93.8117298224234
16_1_0.5,explicit,16,1,0.5,-109.16929077860799
16_1_0.1,pragmatic,16,1,0.1,-93.30571119540673
16_1_0.1,explicit,16,1,0.1,-109.20384197855516
16_1_1.5,pragmatic,16,1,1.5,-96.05406515964316
16_1_1.5,explicit,16,1,1.5,-109.05849017070604
16_1_2.0,pragmatic,16,1,2.0,-97.79679828055785
16_1_2.0,explicit,16,1,2.0,-109.00038758400717
16_1_2.5,pragmatic,16,1,2.5,-99.85301245518836
16_1_2.5,explicit,16,1,2.5,-108.94907405500958
16_2_0.5,pragmatic,16,2,0.5,-85.17867800657245
16_2_0.5,explicit,16,2,0.5,-109.11697705349826
16_2_0.1,pragmatic,16,2,0.1,-84.81399249550246
16_2_0.1,explicit,16,2,0.1,-109.19587721884466
16_2_1.5,pragmatic,16,2,1.5,-90.02564019555082
16_2_1.5,explicit,16,2,1.5,-108.90828095012999
16_2_2.0,pragmatic,16,2,2.0,-96.29578668972616
16_2_2.0,explicit,16,2,2.0,-108.8580799996513
16_2_2.5,pragmatic,16,2,2.5,-102.44725338030887
16_2_2.5,explicit,16,2,2.5,-108.8361552595527
16_3_0.5,pragmatic,16,3,0.5,-82.69863441614861
16_3_0.5,explicit,16,3,0.5,-109.05849017070604
16_3_0.1,pragmatic,16,3,0.1,-82.67788999385706
16_3_0.1,explicit,16,3,0.1,-109.18745937172417
16_3_1.5,pragmatic,16,3,1.5,-88.48443250451716
16_3_1.5,explicit,16,3,1.5,-108.8446878243192
16_3_2.0,pragmatic,16,3,2.0,-99.49659301678828
16_3_2.0,explicit,16,3,2.0,-108.82752213385888
16_3_2.5,pragmatic,16,3,2.5,-106.20922323729147
16_3_2.5,explicit,16,3,2.5,-108.82351062926931
16_4_0.5,pragmatic,16,4,0.5,-82.02879697765786
16_4_0.5,explicit,16,4,0.5,-109.00038758400717
16_4_0.1,pragmatic,16,4,0.1,-82.17651362389566
16_4_0.1,explicit,16,4,0.1,-109.17859373701597
16_4_1.5,pragmatic,16,4,1.5,-88.79001371086399
16_4_1.5,explicit,16,4,1.5,-108.82752213385888
16_4_2.0,pragmatic,16,4,2.0,-103.06425791770562
16_4_2.0,explicit,16,4,2.0,-108.82305292005707
16_4_2.5,pragmatic,16,4,2.5,-107.93002964157766
16_4_2.5,explicit,16,4,2.5,-108.82244145725606
16_5_0.5,pragmatic,16,5,0.5,-81.82173348467468
16_5_0.5,explicit,16,5,0.5,-108.94907405500958
16_5_0.1,pragmatic,16,5,0.1,-82.08353333742932
16_5_0.1,explicit,16,5,0.1,-109.16929077860799
16_5_1.5,pragmatic,16,5,1.5,-89.84913857939644
16_5_1.5,explicit,16,5,1.5,-108.82351062926931
16_5_2.0,pragmatic,16,5,2.0,-105.58550739652307
16_5_2.0,explicit,16,5,2.0,-108.82244145725606
16_5_2.5,pragmatic,16,5,2.5,-108.53578225104174
16_5_2.5,explicit,16,5,2.5,-108.82235347732488
16_6_0.5,pragmatic,16,6,0.5,-81.78937089797255
16_6_0.5,explicit,16,6,0.5,-108.90828095012999
16_6_0.1,pragmatic,16,6,0.1,-82.11315588199479
16_6_0.1,explicit,16,6,0.1,-109.15956646881159
16_6_1.5,pragmatic,16,6,1.5,-91.22520324319778
16_6_1.5,explicit,16,6,1.5,-108.82260606176126
16_6_2.0,pragmatic,16,6,2.0,-107.08654126994637
16_6_2.0,explicit,16,6,2.0,-108.82235858213731
16_6_2.5,pragmatic,16,6,2.5,-108.73230100126113
16_6_2.5,explicit,16,6,2.5,-108.82234625402664
16_7_0.5,pragmatic,16,7,0.5,-81.84299089831916
16_7_0.5,explicit,16,7,0.5,-108.87849585682477
16_7_0.1,pragmatic,16,7,0.1,-82.16498516944154
16_7_0.1,explicit,16,7,0.1,-109.14944252123152
16_7_1.5,pragmatic,16,7,1.5,-92.71808322579889
16_7_1.5,explicit,16,7,1.5,-108.82240374821237
16_7_2.0,pragmatic,16,7,2.0,-107.91299598953692
16_7_2.0,explicit,16,7,2.0,-108.82234736396019
16_7_2.5,pragmatic,16,7,2.5,-108.79427345078885
16_7_2.5,explicit,16,7,2.5,-108.82234566109251
17_1_0.5,pragmatic,17,1,0.5,-92.7005937972978
17_1_0.5,explicit,17,1,0.5,-108.39578184340024
17_1_0.1,pragmatic,17,1,0.1,-92.19992395020122
17_1_0.1,explicit,17,1,0.1,-108.42611742992833
17_1_1.5,pragmatic,17,1,1.5,-94.93630975986875
17_1_1.5,explicit,17,1,1.5,-108.2980717094151
17_1_2.0,pragmatic,17,1,2.0,-96.69213009947859
17_1_2.0,explicit,17,1,2.0,-108.2466039976503
17_1_2.5,pragmatic,17,1,2.5,-98.78233694109659
17_1_2.5,explicit,17,1,2.5,-108.20103834149789
17_2_0.5,pragmatic,17,2,0.5,-84.45791145435194
17_2_0.5,explicit,17,2,0.5,-108.34972596861805
17_2_0.1,pragmatic,17,2,0.1,-84.1397175527326
17_2_0.1,explicit,17,2,0.1,-108.41913052693303
17_2_1.5,pragmatic,17,2,1.5,-88.92671098261955
17_2_1.5,explicit,17,2,1.5,-108.16474851010072
17_2_2.0,pragmatic,17,2,2.0,-95.0943920789281
17_2_2.0,explicit,17,2,2.0,-108.12001830008423
17_2_2.5,pragmatic,17,2,2.5,-101.39238196573226
17_2_2.5,explicit,17,2,2.5,-108.10046063473492
17_3_0.5,pragmatic,17,3,0.5,-82.33155267251156
17_3_0.5,explicit,17,3,0.5,-108.2980717094151
17_3_0.1,pragmatic,17,3,0.1,-82.31352856250541
17_3_0.1,explicit,17,3,0.1,-108.4117421733256
17_3_1.5,pragmatic,17,3,1.5,-87.38509507163789
17_3_1.5,explicit,17,3,1.5,-108.10807350519535
17_3_2.0,pragmatic,17,3,2.0,-98.27779232698819
17_3_2.0,explicit,17,3,2.0,-108.09275613636983
17_3_2.5,pragmatic,17,3,2.5,-105.30427535160679
17_3_2.5,explicit,17,3,2.5,-108.0891754921385
17_4_0.5,pragmatic,17,4,0.5,-81.79181817571705
17_4_0.5,explicit,17,4,0.5,-108.2466039976503
17_4_0.1,pragmatic,17,4,0.1,-81.90121830151318
17_4_0.1,explicit,17,4,0.1,-108.40395641802351
17_4_1.5,pragmatic,17,4,1.5,-87.61243994882147
17_4_1.5,explicit,17,4,1.5,-108.09275613636983
17_4_2.0,pragmatic,17,4,2.0,-101.94454991637748
17_4_2.0,explicit,17,4,2.0,-108.0887669182477
17_4_2.5,pragmatic,17,4,2.5,-107.12765609853162
17_4_2.5,explicit,17,4,2.5,-108.08822108819373
17_5_0.5,pragmatic,17,5,0.5,-81.61741052778311
17_5_0.5,explicit,17,5,0.5,-108.20103834149789
17_5_0.1,pragmatic,17,5,0.1,-81.82923470539137
17_5_0.1,explicit,17,5,0.1,-108.39578184340024
17_5_1.5,pragmatic,17,5,1.5,-88.55977304172725
17_5_1.5,explicit,17,5,1.5,-108.0891754921385
17_5_2.0,pragmatic,17,5,2.0,-104.59436168236499
17_5_2.0,explicit,17,5,2.0,-108.08822108819373
17_5_2.5,pragmatic,17,5,2.5,-107.77715593860242
17_5_2.5,explicit,17,5,2.5,-108.08814255102611
17_6_0.5,pragmatic,17,6,0.5,-81.58838035266167
17_6_0.5,explicit,17,6,0.5,-108.16474851010072
17_6_0.1,pragmatic,17,6,0.1,-81.8667838906841
17_6_0.1,explicit,17,6,0.1,-108.38723188569871
17_6_1.5,pragmatic,17,6,1.5,-89.8272577362523
17_6_1.5,explicit,17,6,1.5,-108.08836802541165
17_6_2.0,pragmatic,17,6,2.0,-106.19684548398125
17_6_2.0,explicit,17,6,2.0,-108.0881471079514
17_6_2.5,pragmatic,17,6,2.5,-107.9897181169475
17_6_2.5,explicit,17,6,2.5,-108.08813610298604
17_7_0.5,pragmatic,17,7,0.5,-81.63967094737265
17_7_0.5,explicit,17,7,0.5,-108.13821817836183
17_7_0.1,pragmatic,17,7,0.1,-81.92413388326132
17_7_0.1,explicit,17,7,0.1,-108.37832505954978
17_7_1.5,pragmatic,17,7,1.5,-91.23271307001772
17_7_1.5,explicit,17,7,1.5,-108.08818742643263
17_7_2.0,pragmatic,17,7,2.0,-107.08940298729927
17_7_2.0,explicit,17,7,2.0,-108.08813709379324
17_7_2.5,pragmatic,17,7,2.5,-108.05724926115349
17_7_2.5,explicit,17,7,2.5,-108.08813557368984
18_1_0.5,pragmatic,18,1,0.5,-91.72023800107839
18_1_0.5,explicit,18,1,0.5,-107.72002305298471
18_1_0.1,pragmatic,18,1,0.1,-91.22671288939594
18_1_0.1,explicit,18,1,0.1,-107.74679206509339
18_1_1.5,pragmatic,18,1,1.5,-93.9415471285158
18_1_1.5,explicit,18,1,1.5,-107.63349331957686
18_1_2.0,pragmatic,18,1,2.0,-95.70463181928436
18_1_2.0,explicit,18,1,2.0,-107.58775286043617
18_1_2.5,pragmatic,18,1,2.5,-97.822415532229
18_1_2.5,explicit,18,1,2.5,-107.54718023108597
18_2_0.5,pragmatic,18,2,0.5,-83.87269459617059
18_2_0.5,explicit,18,2,0.5,-107.67929195354245
18_2_0.1,pragmatic,18,2,0.1,-83.59630301734654
18_2_0.1,explicit,18,2,0.1,-107.74063101635656
18_2_1.5,pragmatic,18,2,1.5,-87.97593699058967
18_2_1.5,explicit,18,2,1.5,-107.51482153815593
18_2_2.0,pragmatic,18,2,2.0,-94.0187660285049
18_2_2.0,explicit,18,2,2.0,-107.47488821412593
18_2_2.5,pragmatic,18,2,2.5,-100.44158881069086
18_2_2.5,explicit,18,2,2.5,-107.45741279359848
18_3_0.5,pragmatic,18,3,0.5,-82.06361803061529
18_3_0.5,explicit,18,3,0.5,-107.63349331957686
18_3_0.1,pragmatic,18,3,0.1,-82.04250391808161
18_3_0.1,explicit,18,3,0.1,-107.7341130707688
18_3_1.5,pragmatic,18,3,1.5,-86.4524965510136
18_3_1.5,explicit,18,3,1.5,-107.46421617353975
18_3_2.0,pragmatic,18,3,2.0,-97.17520943757128
18_3_2.0,explicit,18,3,2.0,-107.45052623258864
18_3_2.5,pragmatic,18,3,2.5,-104.49505985815077
18_3_2.5,explicit,18,3,2.5,-107.44732528762202
18_4_0.5,pragmatic,18,4,0.5,-81.62715419718532
18_4_0.5,explicit,18,4,0.5,-107.58775286043617
18_4_0.1,pragmatic,18,4,0.1,-81.69635476086164
18_4_0.1,explicit,18,4,0.1,-107.72724136888914
18_4_1.5,pragmatic,18,4,1.5,-86.61386570113294
18_4_1.5,explicit,18,4,1.5,-107.45052623258864
18_4_2.0,pragmatic,18,4,2.0,-100.92857874237056
18_4_2.0,explicit,18,4,2.0,-107.44696002247093
18_4_2.5,pragmatic,18,4,2.5,-106.41849923030583
18_4_2.5,explicit,18,4,2.5,-107.44647204476979
18_5_0.5,pragmatic,18,5,0.5,-81.47037850875034
18_5_0.5,explicit,18,5,0.5,-107.54718023108597
18_5_0.1,pragmatic,18,5,0.1,-81.63421191728196
18_5_0.1,explicit,18,5,0.1,-107.72002305298471
18_5_1.5,pragmatic,18,5,1.5,-87.45374562482246
18_5_1.5,explicit,18,5,1.5,-107.44732528762202
18_5_2.0,pragmatic,18,5,2.0,-103.69998520161529
18_5_2.0,explicit,18,5,2.0,-107.44647204476979
18_5_2.5,pragmatic,18,5,2.5,-107.11116182121286
18_5_2.5,explicit,18,5,2.5,-107.44640183121335
18_6_0.5,pragmatic,18,6,0.5,-81.43649311240435
18_6_0.5,explicit,18,6,0.5,-107.51482153815593
18_6_0.1,pragmatic,18,6,0.1,-81.67432947465478
18_6_0.1,explicit,18,6,0.1,-107.71246956287321
18_6_1.5,pragmatic,18,6,1.5,-88.60976265382125
18_6_1.5,explicit,18,6,1.5,-107.44660340877826
18_6_2.0,pragmatic,18,6,2.0,-105.40103274956925
18_6_2.0,explicit,18,6,2.0,-107.44640590518516
18_6_2.5,pragmatic,18,6,2.5,-107.33963640066018
18_6_2.5,explicit,18,6,2.5,-107.44639606655058
18_7_0.5,pragmatic,18,7,0.5,-81.481084152647
18_7_0.5,explicit,18,7,0.5,-107.49114237651064
18_7_0.1,pragmatic,18,7,0.1,-81.73461352631779
18_7_0.1,explicit,18,7,0.1,-107.70459684847836
18_7_1.5,pragmatic,18,7,1.5,-89.92024994885111
18_7_1.5,explicit,18,7,1.5,-107.44644195060191
18_7_2.0,pragmatic,18,7,2.0,-106.35865091466438
18_7_2.0,explicit,18,7,2.0,-107.44639695234991
18_7_2.5,pragmatic,18,7,2.5,-107.41269888612095
18_7_2.5,explicit,18,7,2.5,-107.44639559335042
19_1_0.5,pragmatic,19,1,0.5,-90.85113807453916
19_1_0.5,explicit,19,1,0.5,-107.12954186962344
19_1_0.1,pragmatic,19,1,0.1,-90.3660495139448
19_1_0.1,explicit,19,1,0.1,-107.1532501676781
19_1_1.5,pragmatic,19,1,1.5,-93.05217860408843
19_1_1.5,explicit,19,1,1.5,-107.05268742528436
19_1_2.0,pragmatic,19,1,2.0,-94.81793904319434
19_1_2.0,explicit,19,1,2.0,-107.01194808335352
19_1_2.5,pragmatic,19,1,2.5,-96.9581193285201
19_1_2.5,explicit,19,1,2.5,-106.97575802342479
19_2_0.5,pragmatic,19,2,0.5,-83.39829835459345
19_2_0.5,explicit,19,2,0.5,-107.09340372995891
19_2_0.1,pragmatic,19,2,0.1,-83.15913141657877
19_2_0.1,explicit,19,2,0.1,-107.1477967103183
19_2_1.5,pragmatic,19,2,1.5,-87.15209298613831
19_2_1.5,explicit,19,2,1.5,-106.94686343174574
19_2_2.0,pragmatic,19,2,2.0,-93.0527988859895
19_2_2.0,explicit,19,2,2.0,-106.91117185314037
19_2_2.5,pragmatic,19,2,2.5,-99.58159347120157
19_2_2.5,explicit,19,2,2.5,-106.8955423412652
19_3_0.5,pragmatic,19,3,0.5,-81.87371884123463
19_3_0.5,explicit,19,3,0.5,-107.05268742528436
19_3_0.1,pragmatic,19,3,0.1,-81.844687730644
19_3_0.1,explicit,19,3,0.1,-107.14202526695495
19_3_1.5,pragmatic,19,3,1.5,-85.66336853138145
19_3_1.5,explicit,19,3,1.5,-106.90162779102609
19_3_2.0,pragmatic,19,3,2.0,-96.17491501190761
19_3_2.0,explicit,19,3,2.0,-106.88938160185187
19_3_2.5,pragmatic,19,3,2.5,-103.76957704571932
19_3_2.5,explicit,19,3,2.5,-106.88651772885984
19_4_0.5,pragmatic,19,4,0.5,-81.51842873690167
19_4_0.5,explicit,19,4,0.5,-107.01194808335352
19_4_0.1,pragmatic,19,4,0.1,-81.54597962775024
19_4_0.1,explicit,19,4,0.1,-107.13593831293231
19_4_1.5,pragmatic,19,4,1.5,-85.77086759129585
19_4_1.5,explicit,19,4,1.5,-106.88938160185187
19_4_2.0,pragmatic,19,4,2.0,-100.0038501418393
19_4_2.0,explicit,19,4,2.0,-106.88619091570354
19_4_2.5,pragmatic,19,4,2.5,-105.79096772907116
19_4_2.5,explicit,19,4,2.5,-106.88575430435708
19_5_0.5,pragmatic,19,5,0.5,-81.36739360351392
19_5_0.5,explicit,19,5,0.5,-106.97575802342479
19_5_0.1,pragmatic,19,5,0.1,-81.48473878717618
19_5_0.1,explicit,19,5,0.1,-107.12954186962344
19_5_1.5,pragmatic,19,5,1.5,-86.5090151728364
19_5_1.5,explicit,19,5,1.5,-106.88651772885984
19_5_2.0,pragmatic,19,5,2.0,-102.8905141732784
19_5_2.0,explicit,19,5,2.0,-106.88575430435708
19_5_2.5,pragmatic,19,5,2.5,-106.52632246847853
19_5_2.5,explicit,19,5,2.5,-106.88569148138751
19_6_0.5,pragmatic,19,6,0.5,-81.32231164569703
19_6_0.5,explicit,19,6,0.5,-106.94686343174574
19_6_0.1,pragmatic,19,6,0.1,-81.52315378906057
19_6_0.1,explicit,19,6,0.1,-107.12284577581255
19_6_1.5,pragmatic,19,6,1.5,-87.55252193607303
19_6_1.5,explicit,19,6,1.5,-106.88587184092326
19_6_2.0,pragmatic,19,6,2.0,-104.6875049110998
19_6_2.0,explicit,19,6,2.0,-106.88569512654084
19_6_2.5,pragmatic,19,6,2.5,-106.77060775173356
19_6_2.5,explicit,19,6,2.5,-106.88568632350173
19_7_0.5,pragmatic,19,7,0.5,-81.35690453685308
19_7_0.5,explicit,19,7,0.5,-106.92570362001968
19_7_0.1,pragmatic,19,7,0.1,-81.58433442904534
19_7_0.1,explicit,19,7,0.1,-107.11586388620606
19_7_1.5,pragmatic,19,7,1.5,-88.7618882348209
19_7_1.5,explicit,19,7,1.5,-106.88572737787278
19_7_2.0,pragmatic,19,7,2.0,-105.70925289228168
19_7_2.0,explicit,19,7,2.0,-106.88568711606361
19_7_2.5,pragmatic,19,7,2.5,-106.8491811009031
19_7_2.5,explicit,19,7,2.5,-106.88568590010955
